id	revision	location	kind	text	scope_and_evidence	disposition
C0001	base	docs/postgres/01-basics/begin-commit-rollback.md:1	heading	# BEGIN, COMMIT, ROLLBACK	P1	Retained; current docs/postgres/01-basics/begin-commit-rollback.md:1
C0002	base	docs/postgres/01-basics/begin-commit-rollback.md:3	paragraph	"Here's the part many working devs never learned: there is no such thing as ""outside a transaction"" in PostgreSQL. Every statement you've ever run was in one. Without `BEGIN`, PostgreSQL wraps each statement in its own tiny transaction and commits it the moment it finishes. That's [*autocommit*](https://www.postgresql.org/docs/current/tutorial-transactions.html) (the manual: ""each individual statement has an implicit `BEGIN` and (if successful) `COMMIT` wrapped around it"")."	P1	Replaced or removed; resolved current docs/postgres/01-basics/begin-commit-rollback.md (paragraph); see corresponding current units and audit decisions
C0003	base	docs/postgres/01-basics/begin-commit-rollback.md:10	paragraph	`BEGIN` (or `START TRANSACTION`) says: *keep the transaction open, I have more statements coming.* From then on, nothing is visible to anyone else until `COMMIT`, and everything can still be abandoned with `ROLLBACK`.	P1	Replaced or removed; resolved current docs/postgres/01-basics/begin-commit-rollback.md (paragraph); see corresponding current units and audit decisions
C0004	base	docs/postgres/01-basics/begin-commit-rollback.md:14	heading	## Autocommit and visibility, demonstrated	P1	Retained; current docs/postgres/01-basics/begin-commit-rollback.md:15
C0005	base	docs/postgres/01-basics/begin-commit-rollback.md:18	heading	## One error poisons the whole transaction	P1	Retained; current docs/postgres/01-basics/begin-commit-rollback.md:24
C0006	base	docs/postgres/01-basics/begin-commit-rollback.md:20	paragraph	A surprise that bites every ORM user eventually: after any error inside a transaction, PostgreSQL refuses every further statement, even perfectly valid ones, with SQLSTATE `25P02` (`in_failed_sql_transaction`) until you `ROLLBACK`.	P1	Replaced or removed; resolved current docs/postgres/01-basics/begin-commit-rollback.md (paragraph); see corresponding current units and audit decisions
C0007	base	docs/postgres/01-basics/begin-commit-rollback.md:26	paragraph	"So autocommit isn't a mode you flip off server-side; it's the default that ""commit after every statement"" describes, and you opt out of it one transaction at a time with `BEGIN`. The moment you do, keep that transaction short: an open `BEGIN` that holds the connection through slow work leaves everyone else waiting on your locks, a theme the locking and MVCC chapters return to. And when `current transaction is aborted, commands ignored until end of transaction block` shows up in your logs, some earlier statement failed and your code kept going. The fix lives in your error handling, or in [savepoints](/postgres/01-basics/savepoints)."	P1	Replaced or removed; resolved current docs/postgres/01-basics/begin-commit-rollback.md (paragraph); see corresponding current units and audit decisions
C0008	base	docs/postgres/01-basics/begin-commit-rollback.md:34	heading	## ROLLBACK undoes DDL too	P1	Retained; current docs/postgres/01-basics/begin-commit-rollback.md:40
C0009	base	docs/postgres/01-basics/begin-commit-rollback.md:36	paragraph	A migration inserts a backfill row, adds an index, creates a bookkeeping table, and then trips over a constraint violation on step four. On MySQL you now own a half-migrated database: each schema change committed itself, and everything before it, the moment it ran. On PostgreSQL you type `ROLLBACK` and the migration never happened, schema included.	P1	Replaced or removed; resolved current docs/postgres/01-basics/begin-commit-rollback.md (paragraph); see corresponding current units and audit decisions
C0010	base	docs/postgres/01-basics/begin-commit-rollback.md:43	paragraph	Watch session B through the middle of that transcript. It counts zero rows after A's `INSERT`, which you'd expect, and it still counts zero after A's `CREATE INDEX`, which is the part worth sitting with: the DDL committed nothing on its way past. B's read of `migration_log` doesn't come back empty either. It fails with `42P01`, because a table that exists only inside someone else's open transaction doesn't exist for you at all. Schema lives in catalog rows, and catalog rows obey [MVCC](/postgres/04-mvcc/row-versions) like every other row.	P1	Replaced or removed; resolved current docs/postgres/01-basics/begin-commit-rollback.md (paragraph); see corresponding current units and audit decisions
C0011	base	docs/postgres/01-basics/begin-commit-rollback.md:50	paragraph	Then `ROLLBACK`, and both relations are gone. `to_regclass` returns `NULL` for a relation that isn't there rather than raising an error, so B can point it at the table and the index alike and get an answer instead of a failure. That's the guarantee in full: wrap a migration in `BEGIN`, and either all of it lands or none of it does.	P1	Replaced or removed; resolved current docs/postgres/01-basics/begin-commit-rollback.md (paragraph); see corresponding current units and audit decisions
C0012	base	docs/postgres/01-basics/begin-commit-rollback.md:55	paragraph	Run that same script on MySQL and the `CREATE INDEX` performs an implicit `COMMIT` first, so the closing `ROLLBACK` undoes nothing at all. [The MySQL lesson](/mysql/05-patterns/orm-pitfalls) proves it with the same beats and the opposite ending.	P1	Replaced or removed; resolved current docs/postgres/01-basics/begin-commit-rollback.md (paragraph); see corresponding current units and audit decisions
C0013	base	docs/postgres/01-basics/begin-commit-rollback.md:59	paragraph	"One caveat, and it's the reason this section says *ordinary* DDL rather than *all* DDL. A handful of statements refuse to run inside a transaction block. The [manual](https://www.postgresql.org/docs/current/sql-createindex.html) puts it plainly for the one you're likeliest to meet: ""a regular `CREATE INDEX` command can be performed within a transaction block, but `CREATE INDEX CONCURRENTLY` cannot."" `VACUUM`, `CREATE DATABASE`, and `ALTER SYSTEM` behave the same way, each rejecting an open transaction with `25001` (`active_sql_transaction`); the manual documents the restriction on every such statement's own page rather than in one central list. A migration that needs one of them runs it outside the wrapper, and gives up atomicity for that step."	P1	Replaced or removed; resolved current docs/postgres/01-basics/begin-commit-rollback.md (paragraph); see corresponding current units and audit decisions
C0014	base	docs/postgres/01-basics/begin-commit-rollback.md:69	heading	## Further reading	P1	Retained; current docs/postgres/01-basics/begin-commit-rollback.md:57
C0015	base	docs/postgres/01-basics/begin-commit-rollback.md:71	paragraph	- [PostgreSQL docs: BEGIN](https://www.postgresql.org/docs/current/sql-begin.html) · [COMMIT](https://www.postgresql.org/docs/current/sql-commit.html) · [ROLLBACK](https://www.postgresql.org/docs/current/sql-rollback.html) - [PostgreSQL docs: SQLSTATE codes (Appendix A)](https://www.postgresql.org/docs/current/errcodes-appendix.html): `25P02` is `in_failed_sql_transaction` - [PostgreSQL docs: CREATE INDEX](https://www.postgresql.org/docs/current/sql-createindex.html): regular builds run inside a transaction block, `CONCURRENTLY` cannot - [The same lesson on MySQL](/mysql/01-basics/begin-commit-rollback)	P1	Replaced or removed; resolved current docs/postgres/01-basics/begin-commit-rollback.md (paragraph); see corresponding current units and audit decisions
C0016	current	docs/postgres/01-basics/begin-commit-rollback.md:1	heading	# BEGIN, COMMIT, ROLLBACK	P1	Resolved: D/M/Entailed as explicitly identified in the text; see registry and audit decisions
C0017	current	docs/postgres/01-basics/begin-commit-rollback.md:3	paragraph	The [PostgreSQL 18 transaction tutorial](https://www.postgresql.org/docs/18/tutorial-transactions.html) documents implicit transactions: without an explicit transaction block, a successful individual statement commits its transaction. A client can issue BEGIN automatically; inspect the SQL sent by your driver before assuming autocommit. These Scenarios send one statement per request. Multiple statements in a single simple-query message can share an implicit transaction, as the [protocol manual](https://www.postgresql.org/docs/18/protocol-flow.html#PROTOCOL-FLOW-MULTI-STATEMENT) documents.	P1	Resolved: D/M/Entailed as explicitly identified in the text; see registry and audit decisions
C0018	current	docs/postgres/01-basics/begin-commit-rollback.md:11	paragraph	BEGIN keeps a transaction open for multiple statements. COMMIT makes its transactional changes committed; ROLLBACK discards them. Visibility to a later reader depends on that reader's isolation level and snapshot, not just on whether the writer has committed.	P1	Resolved: D/M/Entailed as explicitly identified in the text; see registry and audit decisions
C0019	current	docs/postgres/01-basics/begin-commit-rollback.md:15	heading	## Autocommit and visibility, demonstrated	P1	Resolved: D/M/Entailed as explicitly identified in the text; see registry and audit decisions
C0020	current	docs/postgres/01-basics/begin-commit-rollback.md:17	paragraph	B uses plain SELECTs at the pinned server default, READ COMMITTED. Its next SELECT sees A's successful autocommit UPDATE, excludes A's later uncommitted UPDATE, then sees that UPDATE after COMMIT. A division-by-zero error outside a transaction block is followed by a successful new statement.	P1	Resolved: D/M/Entailed as explicitly identified in the text; see registry and audit decisions
C0021	current	docs/postgres/01-basics/begin-commit-rollback.md:24	heading	## One error poisons the whole transaction	P1	Resolved: D/M/Entailed as explicitly identified in the text; see registry and audit decisions
C0022	current	docs/postgres/01-basics/begin-commit-rollback.md:26	paragraph	In an explicit transaction, the demonstrated division-by-zero error leaves the transaction failed. A subsequent ordinary SELECT returns SQLSTATE 25P02. This heading concerns that statement-error case, not every kind of connection or transaction failure.	P1	Resolved: D/M/Entailed as explicitly identified in the text; see registry and audit decisions
C0023	current	docs/postgres/01-basics/begin-commit-rollback.md:32	paragraph	Full ROLLBACK ends the failed transaction. A prior savepoint permits [ROLLBACK TO SAVEPOINT](/postgres/01-basics/savepoints) after a recoverable statement error. The second transaction above executes COMMIT after an error and asserts that its earlier INSERT was rolled back. These recovery commands are exceptions to the rejection of ordinary statements. A closed connection requires a new connection; a serialization failure requires reconsidering the whole transaction in a fresh attempt, not just rerunning the failed statement.	P1	Resolved: D/M/Entailed as explicitly identified in the text; see registry and audit decisions
C0024	current	docs/postgres/01-basics/begin-commit-rollback.md:40	heading	## ROLLBACK undoes DDL too	P1	Resolved: D/M/Entailed as explicitly identified in the text; see registry and audit decisions
C0025	current	docs/postgres/01-basics/begin-commit-rollback.md:42	paragraph	This migration inserts a row, builds a non-concurrent index, creates a table, then encounters an asserted uniqueness violation. No implicit commit occurs along the way: B still counts zero orders and cannot resolve the uncommitted table. After ROLLBACK, B asserts that the row, table, and index are absent.	P1	Resolved: D/M/Entailed as explicitly identified in the text; see registry and audit decisions
C0026	current	docs/postgres/01-basics/begin-commit-rollback.md:49	paragraph	This demonstrates the listed operations, not every schema command. The [CREATE INDEX manual, Building Indexes Concurrently](https://www.postgresql.org/docs/18/sql-createindex.html#SQL-CREATEINDEX-CONCURRENTLY) documents that a regular index build can run inside a transaction block, while CREATE INDEX CONCURRENTLY cannot. Other commands have their own restrictions; a migration must check each command's manual and its external effects before claiming all-or-nothing execution. The [MySQL lesson](/mysql/05-patterns/orm-pitfalls) demonstrates that non-concurrent CREATE INDEX commits the preceding INSERT on MySQL 8.4.11.	P1	Resolved: D/M/Entailed as explicitly identified in the text; see registry and audit decisions
C0027	current	docs/postgres/01-basics/begin-commit-rollback.md:57	heading	## Further reading	P1	Resolved: D/M/Entailed as explicitly identified in the text; see registry and audit decisions
C0028	current	docs/postgres/01-basics/begin-commit-rollback.md:59	paragraph	- [PostgreSQL 18: BEGIN](https://www.postgresql.org/docs/18/sql-begin.html), [COMMIT](https://www.postgresql.org/docs/18/sql-commit.html), [ROLLBACK](https://www.postgresql.org/docs/18/sql-rollback.html) - [SQLSTATE codes](https://www.postgresql.org/docs/18/errcodes-appendix.html): 25P02 is in_failed_sql_transaction - [The same lesson on MySQL](/mysql/01-basics/begin-commit-rollback)	P1	Resolved: D/M/Entailed as explicitly identified in the text; see registry and audit decisions
C0029	base	docs/postgres/01-basics/savepoints.md:1	heading	# Savepoints	P2	Retained; current docs/postgres/01-basics/savepoints.md:1
C0030	base	docs/postgres/01-basics/savepoints.md:3	paragraph	"A savepoint is a named bookmark inside a transaction. `ROLLBACK TO SAVEPOINT` rewinds to the bookmark, undoing everything after it, while the transaction itself stays alive and can continue. This is also the escape hatch from the ""one error aborts everything"" rule you saw in the [previous lesson](/postgres/01-basics/begin-commit-rollback)."	P2	Replaced or removed; resolved current docs/postgres/01-basics/savepoints.md (paragraph); see corresponding current units and audit decisions
C0031	base	docs/postgres/01-basics/savepoints.md:8	paragraph	"If you've ever used ""nested transactions"" in an ORM, you were using savepoints. PostgreSQL has no actual nested transactions. Rails' [`transaction(requires_new: true)`](https://api.rubyonrails.org/classes/ActiveRecord/ConnectionAdapters/DatabaseStatements.html#method-i-transaction), Django's [`atomic()` inside `atomic()`](https://docs.djangoproject.com/en/stable/topics/db/transactions/#django.db.transaction.atomic), and SQLAlchemy's [`begin_nested()`](https://docs.sqlalchemy.org/en/20/orm/session_transaction.html#using-savepoint) all emit `SAVEPOINT` under the hood. Mind the Rails default, though: a nested `transaction do` block *without* `requires_new: true` creates no savepoint at all. It merely joins the outer transaction, and a `raise ActiveRecord::Rollback` inside it is swallowed without rolling anything back (the Rails docs [warn about exactly this](https://api.rubyonrails.org/classes/ActiveRecord/ConnectionAdapters/DatabaseStatements.html#method-i-transaction))."	P2	Replaced or removed; resolved current docs/postgres/01-basics/savepoints.md (paragraph); see corresponding current units and audit decisions
C0032	base	docs/postgres/01-basics/savepoints.md:18	heading	## Recovering from an error mid-transaction	P2	Retained; current docs/postgres/01-basics/savepoints.md:9
C0033	base	docs/postgres/01-basics/savepoints.md:22	heading	## Nesting and RELEASE	P2	Retained; current docs/postgres/01-basics/savepoints.md:21
C0034	base	docs/postgres/01-basics/savepoints.md:24	paragraph	Savepoints stack. Rolling back to an outer savepoint destroys the inner ones, and `RELEASE` keeps the work but removes the bookmark:	P2	Replaced or removed; resolved current docs/postgres/01-basics/savepoints.md (paragraph); see corresponding current units and audit decisions
C0035	base	docs/postgres/01-basics/savepoints.md:29	paragraph	"The through-line: `ROLLBACK TO SAVEPOINT` un-aborts a failed transaction, losing only the work after the savepoint, and rolling back to an outer savepoint destroys the inner ones (touch one afterwards and you get `3B001`). `RELEASE SAVEPOINT` says ""I no longer need to rewind here"" while keeping the changes as part of the transaction. None of this is free, though: every savepoint starts a [subtransaction](https://www.postgresql.org/docs/current/subxacts.html), and once you pass 64 open subtransactions per backend, the manual warns that ""the storage I/O overhead increases significantly"". A savepoint per row in a hot loop is a known performance trap: fine in moderation, ruinous in bulk."	P2	Replaced or removed; resolved current docs/postgres/01-basics/savepoints.md (paragraph); see corresponding current units and audit decisions
C0036	base	docs/postgres/01-basics/savepoints.md:38	heading	## Further reading	P2	Retained; current docs/postgres/01-basics/savepoints.md:38
C0037	base	docs/postgres/01-basics/savepoints.md:40	paragraph	- [PostgreSQL docs: SAVEPOINT](https://www.postgresql.org/docs/current/sql-savepoint.html) · [ROLLBACK TO SAVEPOINT](https://www.postgresql.org/docs/current/sql-rollback-to.html) · [RELEASE SAVEPOINT](https://www.postgresql.org/docs/current/sql-release-savepoint.html) - [PostgreSQL docs: Subtransactions](https://www.postgresql.org/docs/current/subxacts.html): what a savepoint actually costs - [The same lesson on MySQL](/mysql/01-basics/savepoints)	P2	Replaced or removed; resolved current docs/postgres/01-basics/savepoints.md (paragraph); see corresponding current units and audit decisions
C0038	current	docs/postgres/01-basics/savepoints.md:1	heading	# Savepoints	P2	Resolved: D/M/Entailed as explicitly identified in the text; see registry and audit decisions
C0039	current	docs/postgres/01-basics/savepoints.md:3	paragraph	A savepoint identifies a point within the current transaction. The [PostgreSQL 18 ROLLBACK TO manual](https://www.postgresql.org/docs/18/sql-rollback-to.html#SQL-ROLLBACK-TO-DESCRIPTION) documents that rollback to it discards later transactional changes without ending the transaction. Savepoints are not independently committed nested transactions: surviving changes remain part of the outer transaction.	P2	Resolved: D/M/Entailed as explicitly identified in the text; see registry and audit decisions
C0040	current	docs/postgres/01-basics/savepoints.md:9	heading	## Recovering from an error mid-transaction	P2	Resolved: D/M/Entailed as explicitly identified in the text; see registry and audit decisions
C0041	current	docs/postgres/01-basics/savepoints.md:11	paragraph	This Scenario establishes a savepoint before a uniqueness violation, rolls back to it, then inserts a replacement row. The final SELECT asserts that the earlier INSERT and the replacement both committed.	P2	Resolved: D/M/Entailed as explicitly identified in the text; see registry and audit decisions
C0042	current	docs/postgres/01-basics/savepoints.md:17	paragraph	This is recovery from a statement error with a usable prior savepoint. It is not a general substitute for [retrying a serialization failure](/postgres/05-patterns/retrying-serialization-failures) with a fresh transaction, and it cannot restore a closed connection.	P2	Resolved: D/M/Entailed as explicitly identified in the text; see registry and audit decisions
C0043	current	docs/postgres/01-basics/savepoints.md:21	heading	## Nesting and RELEASE	P2	Resolved: D/M/Entailed as explicitly identified in the text; see registry and audit decisions
C0044	current	docs/postgres/01-basics/savepoints.md:23	paragraph	The Scenario rolls back to outer_sp, then asserts 3B001 when it tries inner_sp. After recovering to outer_sp again, it inserts row 4 and releases the savepoint. A subsequent rollback attempt asserts that outer_sp is gone; recovery through a newer savepoint permits COMMIT. The final rows are 1 and 4.	P2	Resolved: D/M/Entailed as explicitly identified in the text; see registry and audit decisions
C0045	current	docs/postgres/01-basics/savepoints.md:30	paragraph	The [ROLLBACK TO description](https://www.postgresql.org/docs/18/sql-rollback-to.html#SQL-ROLLBACK-TO-DESCRIPTION) documents that later savepoints are destroyed and the target remains usable. [RELEASE SAVEPOINT](https://www.postgresql.org/docs/18/sql-release-savepoint.html#SQL-RELEASE-SAVEPOINT-DESCRIPTION) removes a savepoint and later savepoints without discarding their transactional changes; it does not commit. The [subtransaction manual](https://www.postgresql.org/docs/18/subxacts.html) documents increased storage I/O overhead beyond 64 open subtransactions per backend. No performance measurement in these Scenarios establishes a workload-specific cost.	P2	Resolved: D/M/Entailed as explicitly identified in the text; see registry and audit decisions
C0046	current	docs/postgres/01-basics/savepoints.md:38	heading	## Further reading	P2	Resolved: D/M/Entailed as explicitly identified in the text; see registry and audit decisions
C0047	current	docs/postgres/01-basics/savepoints.md:40	paragraph	- [PostgreSQL 18: SAVEPOINT](https://www.postgresql.org/docs/18/sql-savepoint.html) - [The same lesson on MySQL](/mysql/01-basics/savepoints)	P2	Resolved: D/M/Entailed as explicitly identified in the text; see registry and audit decisions
C0048	base	docs/postgres/01-basics/what-is-a-transaction.md:1	heading	# What is a transaction?	P3	Retained; current docs/postgres/01-basics/what-is-a-transaction.md:1
C0049	base	docs/postgres/01-basics/what-is-a-transaction.md:3	paragraph	A transaction groups several statements into one unit of work that either fully happens or fully doesn't. The engine-neutral theory, ACID and what each letter promises, lives in [Concepts: what is a transaction?](/concepts/what-is-a-transaction). This page is PostgreSQL keeping the promise.	P3	Replaced or removed; resolved current docs/postgres/01-basics/what-is-a-transaction.md (paragraph); see corresponding current units and audit decisions
C0050	base	docs/postgres/01-basics/what-is-a-transaction.md:9	paragraph	Each lesson shows a transcript generated from an actual run of the lesson's scenario (sessions `A`, `B`, … are separate PostgreSQL connections). How the scenarios work, and why the transcripts can't drift from reality, is explained in [What this is](/about/methodology)	P3	Replaced or removed; resolved current docs/postgres/01-basics/what-is-a-transaction.md (paragraph); see corresponding current units and audit decisions
C0051	base	docs/postgres/01-basics/what-is-a-transaction.md:15	heading	## Atomicity, demonstrated	P3	Retained; current docs/postgres/01-basics/what-is-a-transaction.md:16
C0052	base	docs/postgres/01-basics/what-is-a-transaction.md:17	paragraph	Session A transfers 150 from alice (who has only 100) to bob. The credit to bob *succeeds*; the debit from alice violates a `CHECK` constraint. Watch what happens to bob's already-successful credit:	P3	Replaced or removed; resolved current docs/postgres/01-basics/what-is-a-transaction.md (paragraph); see corresponding current units and audit decisions
C0053	base	docs/postgres/01-basics/what-is-a-transaction.md:23	paragraph	A failed statement doesn't only fail itself, it dooms the whole transaction: nothing in it can ever commit, and your only move is to roll back: fully, or to a [savepoint](/postgres/01-basics/savepoints). Notice too that B never saw the half-finished transfer; it read bob's old balance while the credit was still in flight. What other sessions see of your in-flight work, and exactly when, is the entire subject of [isolation levels](/postgres/02-isolation/snapshots-and-the-four-levels).	P3	Replaced or removed; resolved current docs/postgres/01-basics/what-is-a-transaction.md (paragraph); see corresponding current units and audit decisions
C0054	base	docs/postgres/01-basics/what-is-a-transaction.md:30	heading	## Further reading	P3	Retained; current docs/postgres/01-basics/what-is-a-transaction.md:35
C0055	base	docs/postgres/01-basics/what-is-a-transaction.md:32	paragraph	- [PostgreSQL docs: Transactions (tutorial)](https://www.postgresql.org/docs/current/tutorial-transactions.html) - [The same lesson on MySQL](/mysql/01-basics/what-is-a-transaction)	P3	Replaced or removed; resolved current docs/postgres/01-basics/what-is-a-transaction.md (paragraph); see corresponding current units and audit decisions
C0056	current	docs/postgres/01-basics/what-is-a-transaction.md:1	heading	# What is a transaction?	P3	Resolved: D/M/Entailed as explicitly identified in the text; see registry and audit decisions
C0057	current	docs/postgres/01-basics/what-is-a-transaction.md:3	paragraph	A transaction groups database work into a unit that can commit or roll back. The [PostgreSQL 18 transaction tutorial](https://www.postgresql.org/docs/18/tutorial-transactions.html) documents this contract. ACID terminology is in [Concepts: what is a transaction?](/concepts/what-is-a-transaction).	P3	Resolved: D/M/Entailed as explicitly identified in the text; see registry and audit decisions
C0058	current	docs/postgres/01-basics/what-is-a-transaction.md:9	paragraph	The Transcripts below are generated from Scenarios with separate PostgreSQL connections. Their footers identify the executed server version, currently PostgreSQL 18.6. Assertions establish the displayed outcomes for these schedules, not every possible schedule. Manual links identify Documented contracts; marked derivations identify Entailed guarantees. See [the methodology](/about/methodology) for the runner and generation process.	P3	Resolved: D/M/Entailed as explicitly identified in the text; see registry and audit decisions
C0059	current	docs/postgres/01-basics/what-is-a-transaction.md:16	heading	## Atomicity, demonstrated	P3	Resolved: D/M/Entailed as explicitly identified in the text; see registry and audit decisions
C0060	current	docs/postgres/01-basics/what-is-a-transaction.md:18	paragraph	A credits bob, then attempts to debit 150 from alice, whose balance is only 100. The debit violates the table's CHECK constraint. After full ROLLBACK, the Scenario asserts both original balances. B's plain SELECT also asserts that A's uncommitted credit was not visible at READ COMMITTED.	P3	Resolved: D/M/Entailed as explicitly identified in the text; see registry and audit decisions
C0061	current	docs/postgres/01-basics/what-is-a-transaction.md:25	paragraph	This statement error leaves the explicit transaction failed. Full ROLLBACK discards the earlier credit; a savepoint established before a statement error can instead permit [partial recovery](/postgres/01-basics/savepoints). Error scope depends on whether a transaction block is open and which error occurred, as the [next lesson](/postgres/01-basics/begin-commit-rollback) explains.	P3	Resolved: D/M/Entailed as explicitly identified in the text; see registry and audit decisions
C0062	current	docs/postgres/01-basics/what-is-a-transaction.md:31	paragraph	This atomicity claim concerns transactional table changes. It does not include external effects or sequence counters. The [isolation manual's sequence warning](https://www.postgresql.org/docs/18/transaction-iso.html) documents that sequence changes are visible immediately and are not rolled back.	P3	Resolved: D/M/Entailed as explicitly identified in the text; see registry and audit decisions
C0063	current	docs/postgres/01-basics/what-is-a-transaction.md:35	heading	## Further reading	P3	Resolved: D/M/Entailed as explicitly identified in the text; see registry and audit decisions
C0064	current	docs/postgres/01-basics/what-is-a-transaction.md:37	paragraph	- [PostgreSQL 18: Transactions](https://www.postgresql.org/docs/18/tutorial-transactions.html) - [The same lesson on MySQL](/mysql/01-basics/what-is-a-transaction)	P3	Resolved: D/M/Entailed as explicitly identified in the text; see registry and audit decisions
C0065	base	docs/postgres/02-isolation/anomaly-catalog.md:1	heading	# The anomaly catalog	P4	Retained; current docs/postgres/02-isolation/anomaly-catalog.md:1
C0066	base	docs/postgres/02-isolation/anomaly-catalog.md:3	paragraph	What each PostgreSQL isolation level does about every named anomaly, and, in the spirit of this site, a link to the scenario that *proves* each cell. The anomalies themselves (definitions, diagrams, and where the G-codes come from) live in [Concepts: the anomaly catalog](/concepts/isolation-anomalies); this page is PostgreSQL's answer sheet, covering every case [Hermitage](https://github.com/ept/hermitage) tests. READ UNCOMMITTED is omitted: in PostgreSQL it [behaves exactly like READ COMMITTED](/postgres/02-isolation/read-committed#no-dirty-reads-even-if-you-ask-for-them).	P4	Replaced or removed; resolved current docs/postgres/02-isolation/anomaly-catalog.md (paragraph); see corresponding current units and audit decisions
C0067	base	docs/postgres/02-isolation/anomaly-catalog.md:11	paragraph	The short version, before the table spells out every cell: on the default READ COMMITTED the whole G1 family is already impossible, but [lost updates are on you](/postgres/02-isolation/lost-update#watch-a-deposit-disappear). REPEATABLE READ adds a stable snapshot and refuses stale writes, as long as you [retry on `40001`](#how-to-use-this-table). And invariants that span rows (write skew) only become automatic at SERIALIZABLE ([proof](/postgres/02-isolation/serializable#the-same-interleaving-serializable)).	P4	Replaced or removed; resolved current docs/postgres/02-isolation/anomaly-catalog.md (paragraph); see corresponding current units and audit decisions
C0068	base	docs/postgres/02-isolation/anomaly-catalog.md:19	cell1	Code	P4	Retained; current docs/postgres/02-isolation/anomaly-catalog.md:15
C0069	base	docs/postgres/02-isolation/anomaly-catalog.md:19	cell2	Anomaly	P4	Replaced or removed; resolved current docs/postgres/02-isolation/anomaly-catalog.md (cell2); see corresponding current units and audit decisions
C0070	base	docs/postgres/02-isolation/anomaly-catalog.md:19	cell3	READ COMMITTED *(default)*	P4	Replaced or removed; resolved current docs/postgres/02-isolation/anomaly-catalog.md (cell3); see corresponding current units and audit decisions
C0071	base	docs/postgres/02-isolation/anomaly-catalog.md:19	cell4	REPEATABLE READ	P4	Retained; current docs/postgres/02-isolation/anomaly-catalog.md:15
C0072	base	docs/postgres/02-isolation/anomaly-catalog.md:19	cell5	SERIALIZABLE	P4	Retained; current docs/postgres/02-isolation/anomaly-catalog.md:15
C0073	base	docs/postgres/02-isolation/anomaly-catalog.md:21	cell1	G0	P4	Retained; current docs/postgres/02-isolation/anomaly-catalog.md:17
C0074	base	docs/postgres/02-isolation/anomaly-catalog.md:21	cell2	**Dirty write**	P4	Replaced or removed; resolved current docs/postgres/02-isolation/anomaly-catalog.md (cell2); see corresponding current units and audit decisions
C0075	base	docs/postgres/02-isolation/anomaly-catalog.md:21	cell3	✅ impossible, [proof](#dirty-writes-g0)	P4	Replaced or removed; resolved current docs/postgres/02-isolation/anomaly-catalog.md (cell3); see corresponding current units and audit decisions
C0076	base	docs/postgres/02-isolation/anomaly-catalog.md:21	cell4	✅ impossible	P4	Replaced or removed; resolved current docs/postgres/02-isolation/anomaly-catalog.md (cell4); see corresponding current units and audit decisions
C0077	base	docs/postgres/02-isolation/anomaly-catalog.md:21	cell5	✅ impossible	P4	Replaced or removed; resolved current docs/postgres/02-isolation/anomaly-catalog.md (cell5); see corresponding current units and audit decisions
C0078	base	docs/postgres/02-isolation/anomaly-catalog.md:22	cell1	G1a	P4	Retained; current docs/postgres/02-isolation/anomaly-catalog.md:18
C0079	base	docs/postgres/02-isolation/anomaly-catalog.md:22	cell2	**Dirty read** (aborted read)	P4	Replaced or removed; resolved current docs/postgres/02-isolation/anomaly-catalog.md (cell2); see corresponding current units and audit decisions
C0080	base	docs/postgres/02-isolation/anomaly-catalog.md:22	cell3	✅ impossible, [proof](/postgres/02-isolation/read-committed#no-dirty-reads-even-if-you-ask-for-them)	P4	Replaced or removed; resolved current docs/postgres/02-isolation/anomaly-catalog.md (cell3); see corresponding current units and audit decisions
C0081	base	docs/postgres/02-isolation/anomaly-catalog.md:22	cell4	✅ impossible	P4	Replaced or removed; resolved current docs/postgres/02-isolation/anomaly-catalog.md (cell4); see corresponding current units and audit decisions
C0082	base	docs/postgres/02-isolation/anomaly-catalog.md:22	cell5	✅ impossible	P4	Replaced or removed; resolved current docs/postgres/02-isolation/anomaly-catalog.md (cell5); see corresponding current units and audit decisions
C0083	base	docs/postgres/02-isolation/anomaly-catalog.md:23	cell1	G1b	P4	Retained; current docs/postgres/02-isolation/anomaly-catalog.md:19
C0084	base	docs/postgres/02-isolation/anomaly-catalog.md:23	cell2	**Intermediate read**	P4	Replaced or removed; resolved current docs/postgres/02-isolation/anomaly-catalog.md (cell2); see corresponding current units and audit decisions
C0085	base	docs/postgres/02-isolation/anomaly-catalog.md:23	cell3	✅ impossible, [proof](#intermediate-reads-g1b)	P4	Replaced or removed; resolved current docs/postgres/02-isolation/anomaly-catalog.md (cell3); see corresponding current units and audit decisions
C0086	base	docs/postgres/02-isolation/anomaly-catalog.md:23	cell4	✅ impossible	P4	Replaced or removed; resolved current docs/postgres/02-isolation/anomaly-catalog.md (cell4); see corresponding current units and audit decisions
C0087	base	docs/postgres/02-isolation/anomaly-catalog.md:23	cell5	✅ impossible	P4	Replaced or removed; resolved current docs/postgres/02-isolation/anomaly-catalog.md (cell5); see corresponding current units and audit decisions
C0088	base	docs/postgres/02-isolation/anomaly-catalog.md:24	cell1	G1c	P4	Retained; current docs/postgres/02-isolation/anomaly-catalog.md:20
C0089	base	docs/postgres/02-isolation/anomaly-catalog.md:24	cell2	**Circular information flow**	P4	Replaced or removed; resolved current docs/postgres/02-isolation/anomaly-catalog.md (cell2); see corresponding current units and audit decisions
C0090	base	docs/postgres/02-isolation/anomaly-catalog.md:24	cell3	✅ impossible, [proof](#circular-information-flow-g1c)	P4	Replaced or removed; resolved current docs/postgres/02-isolation/anomaly-catalog.md (cell3); see corresponding current units and audit decisions
C0091	base	docs/postgres/02-isolation/anomaly-catalog.md:24	cell4	✅ impossible	P4	Replaced or removed; resolved current docs/postgres/02-isolation/anomaly-catalog.md (cell4); see corresponding current units and audit decisions
C0092	base	docs/postgres/02-isolation/anomaly-catalog.md:24	cell5	✅ impossible	P4	Replaced or removed; resolved current docs/postgres/02-isolation/anomaly-catalog.md (cell5); see corresponding current units and audit decisions
C0093	base	docs/postgres/02-isolation/anomaly-catalog.md:25	cell1	OTV	P4	Retained; current docs/postgres/02-isolation/anomaly-catalog.md:21
C0094	base	docs/postgres/02-isolation/anomaly-catalog.md:25	cell2	**Observed transaction vanishes**	P4	Replaced or removed; resolved current docs/postgres/02-isolation/anomaly-catalog.md (cell2); see corresponding current units and audit decisions
C0095	base	docs/postgres/02-isolation/anomaly-catalog.md:25	cell3	✅ impossible, [proof](#observed-transaction-vanishes-otv)	P4	Replaced or removed; resolved current docs/postgres/02-isolation/anomaly-catalog.md (cell3); see corresponding current units and audit decisions
C0096	base	docs/postgres/02-isolation/anomaly-catalog.md:25	cell4	✅ impossible	P4	Replaced or removed; resolved current docs/postgres/02-isolation/anomaly-catalog.md (cell4); see corresponding current units and audit decisions
C0097	base	docs/postgres/02-isolation/anomaly-catalog.md:25	cell5	✅ impossible	P4	Replaced or removed; resolved current docs/postgres/02-isolation/anomaly-catalog.md (cell5); see corresponding current units and audit decisions
C0098	base	docs/postgres/02-isolation/anomaly-catalog.md:26	cell1	P2	P4	Retained; current docs/postgres/02-isolation/anomaly-catalog.md:22
C0099	base	docs/postgres/02-isolation/anomaly-catalog.md:26	cell2	**Non-repeatable read**	P4	Replaced or removed; resolved current docs/postgres/02-isolation/anomaly-catalog.md (cell2); see corresponding current units and audit decisions
C0100	base	docs/postgres/02-isolation/anomaly-catalog.md:26	cell3	⚠️ [happens](/postgres/02-isolation/read-committed#non-repeatable-reads)	P4	Replaced or removed; resolved current docs/postgres/02-isolation/anomaly-catalog.md (cell3); see corresponding current units and audit decisions
C0101	base	docs/postgres/02-isolation/anomaly-catalog.md:26	cell4	✅ prevented, [proof](/postgres/02-isolation/repeatable-read#one-snapshot-no-phantoms)	P4	Replaced or removed; resolved current docs/postgres/02-isolation/anomaly-catalog.md (cell4); see corresponding current units and audit decisions
C0102	base	docs/postgres/02-isolation/anomaly-catalog.md:26	cell5	✅ prevented	P4	Replaced or removed; resolved current docs/postgres/02-isolation/anomaly-catalog.md (cell5); see corresponding current units and audit decisions
C0103	base	docs/postgres/02-isolation/anomaly-catalog.md:27	cell1	G-single	P4	Retained; current docs/postgres/02-isolation/anomaly-catalog.md:23
C0104	base	docs/postgres/02-isolation/anomaly-catalog.md:27	cell2	**Read skew**	P4	Replaced or removed; resolved current docs/postgres/02-isolation/anomaly-catalog.md (cell2); see corresponding current units and audit decisions
C0105	base	docs/postgres/02-isolation/anomaly-catalog.md:27	cell3	⚠️ [happens](/postgres/02-isolation/read-committed#read-skew-a-total-that-never-existed)	P4	Replaced or removed; resolved current docs/postgres/02-isolation/anomaly-catalog.md (cell3); see corresponding current units and audit decisions
C0106	base	docs/postgres/02-isolation/anomaly-catalog.md:27	cell4	✅ prevented, [proof](/postgres/02-isolation/read-committed#read-skew-a-total-that-never-existed)	P4	Replaced or removed; resolved current docs/postgres/02-isolation/anomaly-catalog.md (cell4); see corresponding current units and audit decisions
C0107	base	docs/postgres/02-isolation/anomaly-catalog.md:27	cell5	✅ prevented	P4	Replaced or removed; resolved current docs/postgres/02-isolation/anomaly-catalog.md (cell5); see corresponding current units and audit decisions
C0108	base	docs/postgres/02-isolation/anomaly-catalog.md:28	cell1	PMP	P4	Retained; current docs/postgres/02-isolation/anomaly-catalog.md:24
C0109	base	docs/postgres/02-isolation/anomaly-catalog.md:28	cell2	**Phantom read**	P4	Replaced or removed; resolved current docs/postgres/02-isolation/anomaly-catalog.md (cell2); see corresponding current units and audit decisions
C0110	base	docs/postgres/02-isolation/anomaly-catalog.md:28	cell3	⚠️ [happens](/postgres/02-isolation/read-committed#phantoms)	P4	Replaced or removed; resolved current docs/postgres/02-isolation/anomaly-catalog.md (cell3); see corresponding current units and audit decisions
C0111	base	docs/postgres/02-isolation/anomaly-catalog.md:28	cell4	✅ prevented in PostgreSQL, [proof](/postgres/02-isolation/repeatable-read#one-snapshot-no-phantoms) *(standard would allow it)*	P4	Replaced or removed; resolved current docs/postgres/02-isolation/anomaly-catalog.md (cell4); see corresponding current units and audit decisions
C0112	base	docs/postgres/02-isolation/anomaly-catalog.md:28	cell5	✅ prevented	P4	Replaced or removed; resolved current docs/postgres/02-isolation/anomaly-catalog.md (cell5); see corresponding current units and audit decisions
C0113	base	docs/postgres/02-isolation/anomaly-catalog.md:29	cell1	P4	P4	Retained; current docs/postgres/02-isolation/anomaly-catalog.md:25
C0114	base	docs/postgres/02-isolation/anomaly-catalog.md:29	cell2	**Lost update**	P4	Replaced or removed; resolved current docs/postgres/02-isolation/anomaly-catalog.md (cell2); see corresponding current units and audit decisions
C0115	base	docs/postgres/02-isolation/anomaly-catalog.md:29	cell3	⚠️ [silent](/postgres/02-isolation/lost-update#watch-a-deposit-disappear)	P4	Replaced or removed; resolved current docs/postgres/02-isolation/anomaly-catalog.md (cell3); see corresponding current units and audit decisions
C0116	base	docs/postgres/02-isolation/anomaly-catalog.md:29	cell4	✅ rejected with `40001`, [proof](/postgres/02-isolation/lost-update#repeatable-read-turns-it-into-an-error)	P4	Replaced or removed; resolved current docs/postgres/02-isolation/anomaly-catalog.md (cell4); see corresponding current units and audit decisions
C0117	base	docs/postgres/02-isolation/anomaly-catalog.md:29	cell5	✅ rejected with `40001`	P4	Replaced or removed; resolved current docs/postgres/02-isolation/anomaly-catalog.md (cell5); see corresponding current units and audit decisions
C0118	base	docs/postgres/02-isolation/anomaly-catalog.md:30	cell1	G2-item / G2	P4	Replaced or removed; resolved current docs/postgres/02-isolation/anomaly-catalog.md (cell1); see corresponding current units and audit decisions
C0119	base	docs/postgres/02-isolation/anomaly-catalog.md:30	cell2	**Write skew** (item & predicate)	P4	Replaced or removed; resolved current docs/postgres/02-isolation/anomaly-catalog.md (cell2); see corresponding current units and audit decisions
C0120	base	docs/postgres/02-isolation/anomaly-catalog.md:30	cell3	⚠️ possible¹	P4	Replaced or removed; resolved current docs/postgres/02-isolation/anomaly-catalog.md (cell3); see corresponding current units and audit decisions
C0121	base	docs/postgres/02-isolation/anomaly-catalog.md:30	cell4	⚠️ [happens](/postgres/02-isolation/serializable#why-repeatable-read-isn-t-enough-write-skew)	P4	Replaced or removed; resolved current docs/postgres/02-isolation/anomaly-catalog.md (cell4); see corresponding current units and audit decisions
C0122	base	docs/postgres/02-isolation/anomaly-catalog.md:30	cell5	✅ rejected with `40001`, [proof](/postgres/02-isolation/serializable#the-same-interleaving-serializable)	P4	Replaced or removed; resolved current docs/postgres/02-isolation/anomaly-catalog.md (cell5); see corresponding current units and audit decisions
C0123	base	docs/postgres/02-isolation/anomaly-catalog.md:31	cell1	—	P4	Replaced or removed; resolved current docs/postgres/02-isolation/anomaly-catalog.md (cell1); see corresponding current units and audit decisions
C0124	base	docs/postgres/02-isolation/anomaly-catalog.md:31	cell2	**Read-only anomaly** (Fekete et al.)	P4	Replaced or removed; resolved current docs/postgres/02-isolation/anomaly-catalog.md (cell2); see corresponding current units and audit decisions
C0125	base	docs/postgres/02-isolation/anomaly-catalog.md:31	cell3	—¹	P4	Replaced or removed; resolved current docs/postgres/02-isolation/anomaly-catalog.md (cell3); see corresponding current units and audit decisions
C0126	base	docs/postgres/02-isolation/anomaly-catalog.md:31	cell4	⚠️ [happens](/postgres/02-isolation/serializable#it-even-protects-read-only-transactions)	P4	Replaced or removed; resolved current docs/postgres/02-isolation/anomaly-catalog.md (cell4); see corresponding current units and audit decisions
C0127	base	docs/postgres/02-isolation/anomaly-catalog.md:31	cell5	✅ rejected with `40001`, [proof](/postgres/02-isolation/serializable#it-even-protects-read-only-transactions)	P4	Replaced or removed; resolved current docs/postgres/02-isolation/anomaly-catalog.md (cell5); see corresponding current units and audit decisions
C0128	base	docs/postgres/02-isolation/anomaly-catalog.md:33	paragraph	¹ These two anomalies are defined against stable snapshots. READ COMMITTED doesn't provide snapshot stability in the first place: it's exposed to everything REPEATABLE READ is, plus the rows themselves can shift mid-transaction (the RR scenarios are the demonstrations of the strictly-stronger level).	P4	Replaced or removed; resolved current docs/postgres/02-isolation/anomaly-catalog.md (paragraph); see corresponding current units and audit decisions
C0129	base	docs/postgres/02-isolation/anomaly-catalog.md:38	heading	## How to use this table	P4	Retained; current docs/postgres/02-isolation/anomaly-catalog.md:30
C0130	base	docs/postgres/02-isolation/anomaly-catalog.md:40	paragraph	"Staying on the default? Then treat lost updates as your problem to solve, fixing read-modify-write code with atomic updates, `FOR UPDATE`, or version columns ([fixing lost updates](/postgres/05-patterns/fixing-lost-updates)). Invariants that span multiple rows (""at least one on call"", ""the sum must stay positive"", ""unique-ish under concurrency"") are only automatic at SERIALIZABLE; anything weaker needs explicit locking. And anything running at REPEATABLE READ or SERIALIZABLE has to retry on [SQLSTATE `40001`](https://www.postgresql.org/docs/current/errcodes-appendix.html) (`serialization_failure`); spot that error being swallowed in your logs and you've found a bug."	P4	Replaced or removed; resolved current docs/postgres/02-isolation/anomaly-catalog.md (paragraph); see corresponding current units and audit decisions
C0131	base	docs/postgres/02-isolation/anomaly-catalog.md:49	heading	## The guarantees you get for free	P4	Retained; current docs/postgres/02-isolation/anomaly-catalog.md:64
C0132	base	docs/postgres/02-isolation/anomaly-catalog.md:51	paragraph	The first five rows of the table are all ✅: every PostgreSQL isolation level provides them. They're worth *seeing* once, because other databases (and Hermitage's weaker rows for them) show these can genuinely fail elsewhere.	P4	Replaced or removed; resolved current docs/postgres/02-isolation/anomaly-catalog.md (paragraph); see corresponding current units and audit decisions
C0133	base	docs/postgres/02-isolation/anomaly-catalog.md:55	heading	### Dirty writes (G0)	P4	Retained; current docs/postgres/02-isolation/anomaly-catalog.md:70
C0134	base	docs/postgres/02-isolation/anomaly-catalog.md:57	paragraph	Two transactions interleave writes to the same rows. Row locks force the second writer to wait, so the result is always *one transaction's* writes, never a mix:	P4	Replaced or removed; resolved current docs/postgres/02-isolation/anomaly-catalog.md (paragraph); see corresponding current units and audit decisions
C0135	base	docs/postgres/02-isolation/anomaly-catalog.md:62	heading	### Intermediate reads (G1b)	P4	Retained; current docs/postgres/02-isolation/anomaly-catalog.md:78
C0136	base	docs/postgres/02-isolation/anomaly-catalog.md:64	paragraph	A transaction that changes a value twice never leaks the draft. Readers see only final, committed states:	P4	Replaced or removed; resolved current docs/postgres/02-isolation/anomaly-catalog.md (paragraph); see corresponding current units and audit decisions
C0137	base	docs/postgres/02-isolation/anomaly-catalog.md:69	heading	### Circular information flow (G1c)	P4	Retained; current docs/postgres/02-isolation/anomaly-catalog.md:85
C0138	base	docs/postgres/02-isolation/anomaly-catalog.md:71	paragraph	Two concurrent transactions can never each read the other's uncommitted writes; that exchange has no serial explanation:	P4	Replaced or removed; resolved current docs/postgres/02-isolation/anomaly-catalog.md (paragraph); see corresponding current units and audit decisions
C0139	base	docs/postgres/02-isolation/anomaly-catalog.md:76	heading	### Observed transaction vanishes (OTV)	P4	Retained; current docs/postgres/02-isolation/anomaly-catalog.md:93
C0140	base	docs/postgres/02-isolation/anomaly-catalog.md:78	paragraph	Once a transaction commits, readers see all of it or none of it, even while a third transaction is busy overwriting half of its rows:	P4	Replaced or removed; resolved current docs/postgres/02-isolation/anomaly-catalog.md (paragraph); see corresponding current units and audit decisions
C0141	base	docs/postgres/02-isolation/anomaly-catalog.md:83	heading	## Further reading	P4	Retained; current docs/postgres/02-isolation/anomaly-catalog.md:101
C0142	base	docs/postgres/02-isolation/anomaly-catalog.md:85	paragraph	- [Hermitage](https://github.com/ept/hermitage): runnable isolation tests for PostgreSQL, MySQL, Oracle, and more; this chapter proves every PostgreSQL case it covers - [Anomalies by engine](/concepts/anomalies-by-engine): this table and MySQL's, collapsed to one cell each and set side by side - [The same catalog for MySQL](/mysql/02-isolation/anomaly-catalog): same anomalies, meaningfully different answers	P4	Replaced or removed; resolved current docs/postgres/02-isolation/anomaly-catalog.md (paragraph); see corresponding current units and audit decisions
C0143	current	docs/postgres/02-isolation/anomaly-catalog.md:1	heading	# The anomaly catalog	P4	Resolved: D/M/Entailed as explicitly identified in the text; see registry and audit decisions
C0144	current	docs/postgres/02-isolation/anomaly-catalog.md:3	paragraph	This table distinguishes demonstrated schedules from broader PostgreSQL 18 contracts. The [concept catalog](/concepts/isolation-anomalies) defines the anomaly names. The Scenarios below run on PostgreSQL 18.6, with plain SELECTs over transactional tables unless stated otherwise. READ UNCOMMITTED has READ COMMITTED behavior, as documented in the [isolation manual](https://www.postgresql.org/docs/18/transaction-iso.html).	P4	Resolved: D/M/Entailed as explicitly identified in the text; see registry and audit decisions
C0145	current	docs/postgres/02-isolation/anomaly-catalog.md:9	paragraph	**D** means the linked Scenario executes and asserts that particular schedule, not every possible schedule. **M** means a Documented contract in the linked PostgreSQL 18 manual. **†** means an Entailed guarantee without a direct Scenario at that level; the derivation is in [How to use this table](#how-to-use-this-table). Own writes and sequence operations are outside claims about concurrent table-row snapshot changes.	P4	Resolved: D/M/Entailed as explicitly identified in the text; see registry and audit decisions
C0146	current	docs/postgres/02-isolation/anomaly-catalog.md:15	cell1	Code	P4	Resolved: D/M/Entailed as explicitly identified in the text; see registry and audit decisions
C0147	current	docs/postgres/02-isolation/anomaly-catalog.md:15	cell2	Anomaly or operation	P4	Resolved: D/M/Entailed as explicitly identified in the text; see registry and audit decisions
C0148	current	docs/postgres/02-isolation/anomaly-catalog.md:15	cell3	READ COMMITTED	P4	Resolved: D/M/Entailed as explicitly identified in the text; see registry and audit decisions
C0149	current	docs/postgres/02-isolation/anomaly-catalog.md:15	cell4	REPEATABLE READ	P4	Resolved: D/M/Entailed as explicitly identified in the text; see registry and audit decisions
C0150	current	docs/postgres/02-isolation/anomaly-catalog.md:15	cell5	SERIALIZABLE	P4	Resolved: D/M/Entailed as explicitly identified in the text; see registry and audit decisions
C0151	current	docs/postgres/02-isolation/anomaly-catalog.md:17	cell1	G0	P4	Resolved: D/M/Entailed as explicitly identified in the text; see registry and audit decisions
C0152	current	docs/postgres/02-isolation/anomaly-catalog.md:17	cell2	Dirty write, overwrite before the prior writer ends	P4	Resolved: D/M/Entailed as explicitly identified in the text; see registry and audit decisions
C0153	current	docs/postgres/02-isolation/anomaly-catalog.md:17	cell3	D: [second writer waits](#dirty-writes-g0); M: row locks	P4	Resolved: D/M/Entailed as explicitly identified in the text; see registry and audit decisions
C0154	current	docs/postgres/02-isolation/anomaly-catalog.md:17	cell4	† row locks	P4	Resolved: D/M/Entailed as explicitly identified in the text; see registry and audit decisions
C0155	current	docs/postgres/02-isolation/anomaly-catalog.md:17	cell5	† row locks	P4	Resolved: D/M/Entailed as explicitly identified in the text; see registry and audit decisions
C0156	current	docs/postgres/02-isolation/anomaly-catalog.md:18	cell1	G1a	P4	Resolved: D/M/Entailed as explicitly identified in the text; see registry and audit decisions
C0157	current	docs/postgres/02-isolation/anomaly-catalog.md:18	cell2	Dirty read of another transaction's table change	P4	Resolved: D/M/Entailed as explicitly identified in the text; see registry and audit decisions
C0158	current	docs/postgres/02-isolation/anomaly-catalog.md:18	cell3	M: excluded; D: [READ UNCOMMITTED example](/postgres/02-isolation/read-committed#no-dirty-reads-even-if-you-ask-for-them)	P4	Resolved: D/M/Entailed as explicitly identified in the text; see registry and audit decisions
C0159	current	docs/postgres/02-isolation/anomaly-catalog.md:18	cell4	M: excluded	P4	Resolved: D/M/Entailed as explicitly identified in the text; see registry and audit decisions
C0160	current	docs/postgres/02-isolation/anomaly-catalog.md:18	cell5	M: excluded	P4	Resolved: D/M/Entailed as explicitly identified in the text; see registry and audit decisions
C0161	current	docs/postgres/02-isolation/anomaly-catalog.md:19	cell1	G1b	P4	Resolved: D/M/Entailed as explicitly identified in the text; see registry and audit decisions
C0162	current	docs/postgres/02-isolation/anomaly-catalog.md:19	cell2	Intermediate read	P4	Resolved: D/M/Entailed as explicitly identified in the text; see registry and audit decisions
C0163	current	docs/postgres/02-isolation/anomaly-catalog.md:19	cell3	D: [draft excluded](#intermediate-reads-g1b); †	P4	Resolved: D/M/Entailed as explicitly identified in the text; see registry and audit decisions
C0164	current	docs/postgres/02-isolation/anomaly-catalog.md:19	cell4	†	P4	Resolved: D/M/Entailed as explicitly identified in the text; see registry and audit decisions
C0165	current	docs/postgres/02-isolation/anomaly-catalog.md:19	cell5	†	P4	Resolved: D/M/Entailed as explicitly identified in the text; see registry and audit decisions
C0166	current	docs/postgres/02-isolation/anomaly-catalog.md:20	cell1	G1c	P4	Resolved: D/M/Entailed as explicitly identified in the text; see registry and audit decisions
C0167	current	docs/postgres/02-isolation/anomaly-catalog.md:20	cell2	Circular information flow through dirty reads	P4	Resolved: D/M/Entailed as explicitly identified in the text; see registry and audit decisions
C0168	current	docs/postgres/02-isolation/anomaly-catalog.md:20	cell3	D: [cross-reads excluded](#circular-information-flow-g1c); †	P4	Resolved: D/M/Entailed as explicitly identified in the text; see registry and audit decisions
C0169	current	docs/postgres/02-isolation/anomaly-catalog.md:20	cell4	†	P4	Resolved: D/M/Entailed as explicitly identified in the text; see registry and audit decisions
C0170	current	docs/postgres/02-isolation/anomaly-catalog.md:20	cell5	†	P4	Resolved: D/M/Entailed as explicitly identified in the text; see registry and audit decisions
C0171	current	docs/postgres/02-isolation/anomaly-catalog.md:21	cell1	OTV	P4	Resolved: D/M/Entailed as explicitly identified in the text; see registry and audit decisions
C0172	current	docs/postgres/02-isolation/anomaly-catalog.md:21	cell2	Committed rows hidden by an uncommitted overwrite	P4	Resolved: D/M/Entailed as explicitly identified in the text; see registry and audit decisions
C0173	current	docs/postgres/02-isolation/anomaly-catalog.md:21	cell3	D: [committed versions retained](#observed-transaction-vanishes-otv); †	P4	Resolved: D/M/Entailed as explicitly identified in the text; see registry and audit decisions
C0174	current	docs/postgres/02-isolation/anomaly-catalog.md:21	cell4	†	P4	Resolved: D/M/Entailed as explicitly identified in the text; see registry and audit decisions
C0175	current	docs/postgres/02-isolation/anomaly-catalog.md:21	cell5	†	P4	Resolved: D/M/Entailed as explicitly identified in the text; see registry and audit decisions
C0176	current	docs/postgres/02-isolation/anomaly-catalog.md:22	cell1	P2	P4	Resolved: D/M/Entailed as explicitly identified in the text; see registry and audit decisions
C0177	current	docs/postgres/02-isolation/anomaly-catalog.md:22	cell2	Non-repeatable plain SELECT due to concurrent commit	P4	Resolved: D/M/Entailed as explicitly identified in the text; see registry and audit decisions
C0178	current	docs/postgres/02-isolation/anomaly-catalog.md:22	cell3	D: [different values](/postgres/02-isolation/read-committed#non-repeatable-reads)	P4	Resolved: D/M/Entailed as explicitly identified in the text; see registry and audit decisions
C0179	current	docs/postgres/02-isolation/anomaly-catalog.md:22	cell4	M: excluded; D: [stable values](/postgres/02-isolation/repeatable-read#one-snapshot-no-phantoms)	P4	Resolved: D/M/Entailed as explicitly identified in the text; see registry and audit decisions
C0180	current	docs/postgres/02-isolation/anomaly-catalog.md:22	cell5	M: excluded	P4	Resolved: D/M/Entailed as explicitly identified in the text; see registry and audit decisions
C0181	current	docs/postgres/02-isolation/anomaly-catalog.md:23	cell1	G-single	P4	Resolved: D/M/Entailed as explicitly identified in the text; see registry and audit decisions
C0182	current	docs/postgres/02-isolation/anomaly-catalog.md:23	cell2	Read skew across separate plain SELECTs	P4	Resolved: D/M/Entailed as explicitly identified in the text; see registry and audit decisions
C0183	current	docs/postgres/02-isolation/anomaly-catalog.md:23	cell3	D: [inconsistent total](/postgres/02-isolation/read-committed#read-skew-a-total-that-never-existed)	P4	Resolved: D/M/Entailed as explicitly identified in the text; see registry and audit decisions
C0184	current	docs/postgres/02-isolation/anomaly-catalog.md:23	cell4	D: [consistent total](/postgres/02-isolation/read-committed#read-skew-a-total-that-never-existed); †	P4	Resolved: D/M/Entailed as explicitly identified in the text; see registry and audit decisions
C0185	current	docs/postgres/02-isolation/anomaly-catalog.md:23	cell5	†	P4	Resolved: D/M/Entailed as explicitly identified in the text; see registry and audit decisions
C0186	current	docs/postgres/02-isolation/anomaly-catalog.md:24	cell1	PMP	P4	Resolved: D/M/Entailed as explicitly identified in the text; see registry and audit decisions
C0187	current	docs/postgres/02-isolation/anomaly-catalog.md:24	cell2	Phantom from a concurrent commit, plain SELECT	P4	Resolved: D/M/Entailed as explicitly identified in the text; see registry and audit decisions
C0188	current	docs/postgres/02-isolation/anomaly-catalog.md:24	cell3	D: [new matching row](/postgres/02-isolation/read-committed#phantoms)	P4	Resolved: D/M/Entailed as explicitly identified in the text; see registry and audit decisions
C0189	current	docs/postgres/02-isolation/anomaly-catalog.md:24	cell4	M: excluded in PostgreSQL; D: [new row excluded](/postgres/02-isolation/repeatable-read#one-snapshot-no-phantoms)	P4	Resolved: D/M/Entailed as explicitly identified in the text; see registry and audit decisions
C0190	current	docs/postgres/02-isolation/anomaly-catalog.md:24	cell5	M: excluded	P4	Resolved: D/M/Entailed as explicitly identified in the text; see registry and audit decisions
C0191	current	docs/postgres/02-isolation/anomaly-catalog.md:25	cell1	P4	P4	Resolved: D/M/Entailed as explicitly identified in the text; see registry and audit decisions
C0192	current	docs/postgres/02-isolation/anomaly-catalog.md:25	cell2	In-transaction read-modify-write of a post-snapshot changed target	P4	Resolved: D/M/Entailed as explicitly identified in the text; see registry and audit decisions
C0193	current	docs/postgres/02-isolation/anomaly-catalog.md:25	cell3	D: [overwrite commits](/postgres/02-isolation/lost-update#watch-a-deposit-disappear)	P4	Resolved: D/M/Entailed as explicitly identified in the text; see registry and audit decisions
C0194	current	docs/postgres/02-isolation/anomaly-catalog.md:25	cell4	M: conflict; D: [40001 and fresh retry](/postgres/02-isolation/lost-update#repeatable-read-turns-it-into-an-error)	P4	Resolved: D/M/Entailed as explicitly identified in the text; see registry and audit decisions
C0195	current	docs/postgres/02-isolation/anomaly-catalog.md:25	cell5	M: same target-row conflict rule	P4	Resolved: D/M/Entailed as explicitly identified in the text; see registry and audit decisions
C0196	current	docs/postgres/02-isolation/anomaly-catalog.md:26	cell1	G2-item	P4	Resolved: D/M/Entailed as explicitly identified in the text; see registry and audit decisions
C0197	current	docs/postgres/02-isolation/anomaly-catalog.md:26	cell2	Write skew, on-call count and separate-row writes	P4	Resolved: D/M/Entailed as explicitly identified in the text; see registry and audit decisions
C0198	current	docs/postgres/02-isolation/anomaly-catalog.md:26	cell3	Not executed here	P4	Resolved: D/M/Entailed as explicitly identified in the text; see registry and audit decisions
C0199	current	docs/postgres/02-isolation/anomaly-catalog.md:26	cell4	D: [both commit, count zero](/postgres/02-isolation/serializable#why-repeatable-read-isn-t-enough-write-skew)	P4	Resolved: D/M/Entailed as explicitly identified in the text; see registry and audit decisions
C0200	current	docs/postgres/02-isolation/anomaly-catalog.md:26	cell5	D: [B fails, count one](/postgres/02-isolation/serializable#the-same-interleaving-serializable); M: serial equivalence	P4	Resolved: D/M/Entailed as explicitly identified in the text; see registry and audit decisions
C0201	current	docs/postgres/02-isolation/anomaly-catalog.md:27	cell1	G2	P4	Resolved: D/M/Entailed as explicitly identified in the text; see registry and audit decisions
C0202	current	docs/postgres/02-isolation/anomaly-catalog.md:27	cell2	Predicate-based serialization anomaly beyond this on-call schedule	P4	Resolved: D/M/Entailed as explicitly identified in the text; see registry and audit decisions
C0203	current	docs/postgres/02-isolation/anomaly-catalog.md:27	cell3	Not executed here	P4	Resolved: D/M/Entailed as explicitly identified in the text; see registry and audit decisions
C0204	current	docs/postgres/02-isolation/anomaly-catalog.md:27	cell4	M: serialization anomalies possible	P4	Resolved: D/M/Entailed as explicitly identified in the text; see registry and audit decisions
C0205	current	docs/postgres/02-isolation/anomaly-catalog.md:27	cell5	M: excluded among committed participating transactions	P4	Resolved: D/M/Entailed as explicitly identified in the text; see registry and audit decisions
C0206	current	docs/postgres/02-isolation/anomaly-catalog.md:28	cell1	Fekete example	P4	Resolved: D/M/Entailed as explicitly identified in the text; see registry and audit decisions
C0207	current	docs/postgres/02-isolation/anomaly-catalog.md:28	cell2	Read-only report anomaly	P4	Resolved: D/M/Entailed as explicitly identified in the text; see registry and audit decisions
C0208	current	docs/postgres/02-isolation/anomaly-catalog.md:28	cell3	Not executed here	P4	Resolved: D/M/Entailed as explicitly identified in the text; see registry and audit decisions
C0209	current	docs/postgres/02-isolation/anomaly-catalog.md:28	cell4	D: [two receipts before third commits](/postgres/02-isolation/serializable#it-even-protects-read-only-transactions)	P4	Resolved: D/M/Entailed as explicitly identified in the text; see registry and audit decisions
C0210	current	docs/postgres/02-isolation/anomaly-catalog.md:28	cell5	D: [cashier rejected](/postgres/02-isolation/serializable#it-even-protects-read-only-transactions); M: serial equivalence	P4	Resolved: D/M/Entailed as explicitly identified in the text; see registry and audit decisions
C0211	current	docs/postgres/02-isolation/anomaly-catalog.md:30	heading	## How to use this table	P4	Resolved: D/M/Entailed as explicitly identified in the text; see registry and audit decisions
C0212	current	docs/postgres/02-isolation/anomaly-catalog.md:32	paragraph	The Documented contracts come from [Table 13.1 and the level descriptions](https://www.postgresql.org/docs/18/transaction-iso.html#MVCC-ISOLEVEL-TABLE): READ COMMITTED plain SELECTs exclude uncommitted concurrent changes; REPEATABLE READ uses a stable snapshot plus own writes; SERIALIZABLE adds serial-equivalence monitoring. The [row-lock manual](https://www.postgresql.org/docs/18/explicit-locking.html#LOCKING-ROWS) documents waits for concurrent writers and locking reads. These contracts apply to PostgreSQL 18 and the operations specified, not every engine or every SQL function.	P4	Resolved: D/M/Entailed as explicitly identified in the text; see registry and audit decisions
C0213	current	docs/postgres/02-isolation/anomaly-catalog.md:39	paragraph	The † cells have no direct execution at the stated level. Their derivations are:	P4	Resolved: D/M/Entailed as explicitly identified in the text; see registry and audit decisions
C0214	current	docs/postgres/02-isolation/anomaly-catalog.md:41	paragraph	- G0: the documented row locks on these UPDATEs prevent overwriting an uncommitted target at each level, regardless of whether a later committed version can be updated. - G1b and the dirty-read G1c cycle: excluding uncommitted versions excludes a draft that is replaced before commit and cross-reads of those uncommitted writes. This does not exclude every dependency cycle or prove serializability at READ COMMITTED. - OTV: a plain SELECT's snapshot selects committed versions, so uncommitted overwrites cannot hide the earlier committed versions. Separate READ COMMITTED statements may use different snapshots; a later committed partial overwrite can change a subset. - Read skew: a stable snapshot excludes intervening concurrent commits between these plain SELECTs. Own writes remain visible, so the guarantee assumes the reader does not itself change the observed accounts or mix in nontransactional effects.	P4	Resolved: D/M/Entailed as explicitly identified in the text; see registry and audit decisions
C0215	current	docs/postgres/02-isolation/anomaly-catalog.md:53	paragraph	An existence demonstration can show that a level permits an anomaly. Its absence in one run cannot establish impossibility. The table does not claim full Hermitage coverage, predicate-write-skew execution, or universal detection of stale application values read outside the updating transaction.	P4	Resolved: D/M/Entailed as explicitly identified in the text; see registry and audit decisions
C0216	current	docs/postgres/02-isolation/anomaly-catalog.md:58	paragraph	For the displayed read-modify-write race, see [fixing lost updates](/postgres/05-patterns/fixing-lost-updates). A cross-row rule needs each serial transaction to preserve it and relevant writers to use SERIALIZABLE, or another suitable coordination mechanism. On 40001, retry the whole transaction with fresh reads and decisions or return a controlled failure; do not report a commit.	P4	Resolved: D/M/Entailed as explicitly identified in the text; see registry and audit decisions
C0217	current	docs/postgres/02-isolation/anomaly-catalog.md:64	heading	## The guarantees you get for free	P4	Resolved: D/M/Entailed as explicitly identified in the text; see registry and audit decisions
C0218	current	docs/postgres/02-isolation/anomaly-catalog.md:66	paragraph	The following executions illustrate the contracts and derivations above. They use READ COMMITTED; statements with stronger-level guarantees in the table need their manual support or marked derivation, not just these examples.	P4	Resolved: D/M/Entailed as explicitly identified in the text; see registry and audit decisions
C0219	current	docs/postgres/02-isolation/anomaly-catalog.md:70	heading	### Dirty writes (G0)	P4	Resolved: D/M/Entailed as explicitly identified in the text; see registry and audit decisions
C0220	current	docs/postgres/02-isolation/anomaly-catalog.md:72	paragraph	B's first UPDATE waits until A commits. Both transactions update both rows in the displayed order, so the final asserted prices are B's. A mixed final state is not the definition of a dirty write; overwriting an uncommitted write is.	P4	Resolved: D/M/Entailed as explicitly identified in the text; see registry and audit decisions
C0221	current	docs/postgres/02-isolation/anomaly-catalog.md:78	heading	### Intermediate reads (G1b)	P4	Resolved: D/M/Entailed as explicitly identified in the text; see registry and audit decisions
C0222	current	docs/postgres/02-isolation/anomaly-catalog.md:80	paragraph	B reads 100 while A's draft 999 is uncommitted, then 110 after A commits its final value. An older REPEATABLE READ snapshot could still see 100 after that commit.	P4	Resolved: D/M/Entailed as explicitly identified in the text; see registry and audit decisions
C0223	current	docs/postgres/02-isolation/anomaly-catalog.md:85	heading	### Circular information flow (G1c)	P4	Resolved: D/M/Entailed as explicitly identified in the text; see registry and audit decisions
C0224	current	docs/postgres/02-isolation/anomaly-catalog.md:87	paragraph	Neither transaction's plain SELECT reads the other's uncommitted UPDATE. Both see 100, then both writes commit. This schedule is not serializable: excluding dirty-read cycles does not exclude the read/write dependency cycle created by those old reads.	P4	Resolved: D/M/Entailed as explicitly identified in the text; see registry and audit decisions
C0225	current	docs/postgres/02-isolation/anomaly-catalog.md:93	heading	### Observed transaction vanishes (OTV)	P4	Resolved: D/M/Entailed as explicitly identified in the text; see registry and audit decisions
C0226	current	docs/postgres/02-isolation/anomaly-catalog.md:95	paragraph	C sees both of A's committed balances while B's overwrites remain uncommitted, then both of B's balances after B commits. This does not promise that committed values remain forever unchanged or that multiple statements share one snapshot.	P4	Resolved: D/M/Entailed as explicitly identified in the text; see registry and audit decisions
C0227	current	docs/postgres/02-isolation/anomaly-catalog.md:101	heading	## Further reading	P4	Resolved: D/M/Entailed as explicitly identified in the text; see registry and audit decisions
C0228	current	docs/postgres/02-isolation/anomaly-catalog.md:103	paragraph	- [Hermitage](https://github.com/ept/hermitage): a separate collection of isolation tests - [Anomalies by engine](/concepts/anomalies-by-engine) - [The same catalog for MySQL](/mysql/02-isolation/anomaly-catalog)	P4	Resolved: D/M/Entailed as explicitly identified in the text; see registry and audit decisions
C0229	base	docs/postgres/02-isolation/lost-update.md:1	heading	# Lost updates	P5	Retained; current docs/postgres/02-isolation/lost-update.md:1
C0230	base	docs/postgres/02-isolation/lost-update.md:3	paragraph	Read a value, modify it in application code, write it back. Run two of these concurrently and one deposit vanishes outright: no error, no log line, nothing. Why the innocent read-modify-write pattern loses data is [Concepts: the lost update problem](/concepts/lost-update); this page proves the loss on PostgreSQL, then shows the isolation level that refuses to play along.	P5	Replaced or removed; resolved current docs/postgres/02-isolation/lost-update.md (paragraph); see corresponding current units and audit decisions
C0231	base	docs/postgres/02-isolation/lost-update.md:9	heading	## Watch a deposit disappear	P5	Retained; current docs/postgres/02-isolation/lost-update.md:8
C0232	base	docs/postgres/02-isolation/lost-update.md:14	paragraph	There is nothing to handle, retry, or alert on: at the default level the loss is invisible to your code, your logs, and your monitoring. You find it in the books, weeks later.	P5	Replaced or removed; resolved current docs/postgres/02-isolation/lost-update.md (paragraph); see corresponding current units and audit decisions
C0233	base	docs/postgres/02-isolation/lost-update.md:18	heading	## REPEATABLE READ turns it into an error	P5	Retained; current docs/postgres/02-isolation/lost-update.md:20
C0234	base	docs/postgres/02-isolation/lost-update.md:20	paragraph	The same interleaving, one isolation level up. PostgreSQL detects that B's write would overwrite a row modified after B's snapshot, and refuses:	P5	Replaced or removed; resolved current docs/postgres/02-isolation/lost-update.md (paragraph); see corresponding current units and audit decisions
C0235	base	docs/postgres/02-isolation/lost-update.md:25	paragraph	If you remember one thing from this chapter, make it this: read-modify-write through application code at READ COMMITTED loses updates silently. Move one level up and REPEATABLE READ (or SERIALIZABLE) turns that silent loss into SQLSTATE `40001`: the data is safe and the losing transaction retries. Raising the isolation level is only one of [the fixes](/concepts/lost-update#the-fixes), and often not the best one: [fixing lost updates](/postgres/05-patterns/fixing-lost-updates) walks through atomic updates, `FOR UPDATE`, and version columns, each with its own transcript.	P5	Replaced or removed; resolved current docs/postgres/02-isolation/lost-update.md (paragraph); see corresponding current units and audit decisions
C0236	base	docs/postgres/02-isolation/lost-update.md:33	heading	## Further reading	P5	Retained; current docs/postgres/02-isolation/lost-update.md:37
C0237	base	docs/postgres/02-isolation/lost-update.md:35	paragraph	- [PostgreSQL docs: Repeatable Read Isolation Level](https://www.postgresql.org/docs/current/transaction-iso.html#XACT-REPEATABLE-READ) - [The same lesson on MySQL](/mysql/02-isolation/lost-update)	P5	Replaced or removed; resolved current docs/postgres/02-isolation/lost-update.md (paragraph); see corresponding current units and audit decisions
C0238	current	docs/postgres/02-isolation/lost-update.md:1	heading	# Lost updates	P5	Resolved: D/M/Entailed as explicitly identified in the text; see registry and audit decisions
C0239	current	docs/postgres/02-isolation/lost-update.md:3	paragraph	Two transactions can read the same balance, compute a new value in application code, and write that stale value back. The [concept lesson](/concepts/lost-update) defines the lost-update problem. These PostgreSQL 18.6 Scenarios compare that specific read-modify-write operation at READ COMMITTED and REPEATABLE READ.	P5	Resolved: D/M/Entailed as explicitly identified in the text; see registry and audit decisions
C0240	current	docs/postgres/02-isolation/lost-update.md:8	heading	## Watch a deposit disappear	P5	Resolved: D/M/Entailed as explicitly identified in the text; see registry and audit decisions
C0241	current	docs/postgres/02-isolation/lost-update.md:10	paragraph	Both transactions read 100 and write 110. Both commit, and the asserted final balance is 110 rather than the intended 120.	P5	Resolved: D/M/Entailed as explicitly identified in the text; see registry and audit decisions
C0242	current	docs/postgres/02-isolation/lost-update.md:16	paragraph	The database accepts both writes in this schedule. The Scenario does not inspect application logs or monitoring, and does not show that every application must miss the loss.	P5	Resolved: D/M/Entailed as explicitly identified in the text; see registry and audit decisions
C0243	current	docs/postgres/02-isolation/lost-update.md:20	heading	## REPEATABLE READ turns it into an error	P5	Resolved: D/M/Entailed as explicitly identified in the text; see registry and audit decisions
C0244	current	docs/postgres/02-isolation/lost-update.md:22	paragraph	With REPEATABLE READ snapshots established before A commits, B's stale UPDATE returns 40001. The balance is then 110: B's deposit has not committed. The Scenario executes B again in a fresh transaction, rereads 110, and asserts a final balance of 120.	P5	Resolved: D/M/Entailed as explicitly identified in the text; see registry and audit decisions
C0245	current	docs/postgres/02-isolation/lost-update.md:28	paragraph	This retry succeeds under the displayed schedule. The [PostgreSQL 18 updating-command contract](https://www.postgresql.org/docs/18/transaction-iso.html#XACT-REPEATABLE-READ) explains the post-snapshot target-row conflict. Raising isolation does not protect a stale value read outside the transaction whose UPDATE uses it. Recovery must rerun the reads and decision, and other schedules can require more retries.	P5	Resolved: D/M/Entailed as explicitly identified in the text; see registry and audit decisions
C0246	current	docs/postgres/02-isolation/lost-update.md:34	paragraph	[Fixing lost updates](/postgres/05-patterns/fixing-lost-updates) demonstrates atomic SQL updates, FOR UPDATE, and version checks with their writer-participation requirements.	P5	Resolved: D/M/Entailed as explicitly identified in the text; see registry and audit decisions
C0247	current	docs/postgres/02-isolation/lost-update.md:37	heading	## Further reading	P5	Resolved: D/M/Entailed as explicitly identified in the text; see registry and audit decisions
C0248	current	docs/postgres/02-isolation/lost-update.md:39	paragraph	- [PostgreSQL 18: Repeatable Read](https://www.postgresql.org/docs/18/transaction-iso.html#XACT-REPEATABLE-READ) - [The same lesson on MySQL](/mysql/02-isolation/lost-update)	P5	Resolved: D/M/Entailed as explicitly identified in the text; see registry and audit decisions
C0249	base	docs/postgres/02-isolation/read-committed.md:1	heading	# Read Committed	P6	Retained; current docs/postgres/02-isolation/read-committed.md:1
C0250	base	docs/postgres/02-isolation/read-committed.md:3	paragraph	READ COMMITTED is PostgreSQL's default isolation level, the one nearly all of your production code runs at. Its contract: every *statement* sees a fresh snapshot of everything committed before that statement began. Never uncommitted data; never data committed mid-statement.	P6	Replaced or removed; resolved current docs/postgres/02-isolation/read-committed.md (paragraph); see corresponding current units and audit decisions
C0251	base	docs/postgres/02-isolation/read-committed.md:8	paragraph	That per-statement snapshot is both its strength (no waiting for readers, always-fresh data) and the source of every anomaly on this page.	P6	Replaced or removed; resolved current docs/postgres/02-isolation/read-committed.md (paragraph); see corresponding current units and audit decisions
C0252	base	docs/postgres/02-isolation/read-committed.md:11	heading	## No dirty reads, even if you ask for them	P6	Retained; current docs/postgres/02-isolation/read-committed.md:9
C0253	base	docs/postgres/02-isolation/read-committed.md:15	heading	## Non-repeatable reads	P6	Retained; current docs/postgres/02-isolation/read-committed.md:17
C0254	base	docs/postgres/02-isolation/read-committed.md:17	paragraph	The flagship READ COMMITTED anomaly: the same query, twice, inside one transaction, two different answers.	P6	Replaced or removed; resolved current docs/postgres/02-isolation/read-committed.md (paragraph); see corresponding current units and audit decisions
C0255	base	docs/postgres/02-isolation/read-committed.md:22	heading	## Phantoms	P6	Retained; current docs/postgres/02-isolation/read-committed.md:24
C0256	base	docs/postgres/02-isolation/read-committed.md:24	paragraph	The same effect applies to *sets* of rows, not only values. New matching rows appear between your statements:	P6	Replaced or removed; resolved current docs/postgres/02-isolation/read-committed.md (paragraph); see corresponding current units and audit decisions
C0257	base	docs/postgres/02-isolation/read-committed.md:29	heading	## Read skew: a total that never existed	P6	Retained; current docs/postgres/02-isolation/read-committed.md:31
C0258	base	docs/postgres/02-isolation/read-committed.md:31	paragraph	Non-repeatable reads have a nastier multi-row cousin, [read skew](/concepts/non-repeatable-read#read-skew): every row you read was committed and correct, yet the combination existed at no point in time:	P6	Replaced or removed; resolved current docs/postgres/02-isolation/read-committed.md (paragraph); see corresponding current units and audit decisions
C0259	base	docs/postgres/02-isolation/read-committed.md:37	heading	## The subtle one: UPDATE re-checks its WHERE clause	P6	Retained; current docs/postgres/02-isolation/read-committed.md:39
C0260	base	docs/postgres/02-isolation/read-committed.md:39	paragraph	"What happens when your UPDATE has to *wait* for a lock, and the row changes while you wait? At READ COMMITTED, PostgreSQL re-evaluates the WHERE clause against the new row version, and silently skips rows that no longer match (""The search condition of the command (the `WHERE` clause) is re-evaluated to see if the updated version of the row still matches the search condition"", [the manual](https://www.postgresql.org/docs/current/transaction-iso.html#XACT-READ-COMMITTED)):"	P6	Replaced or removed; resolved current docs/postgres/02-isolation/read-committed.md (paragraph); see corresponding current units and audit decisions
C0261	base	docs/postgres/02-isolation/read-committed.md:47	paragraph	"`UPDATE 0`: no error, no warning. If your code assumes ""the row matched a moment ago, so it was updated"", this is where that assumption dies. Always check the affected-row count."	P6	Replaced or removed; resolved current docs/postgres/02-isolation/read-committed.md (paragraph); see corresponding current units and audit decisions
C0262	base	docs/postgres/02-isolation/read-committed.md:50	paragraph	The pattern to hold onto: READ COMMITTED gives you a fresh snapshot per statement, so any single statement is internally consistent while two statements in the same transaction can flatly disagree. Dirty reads never happen in PostgreSQL, full stop. But that same per-statement snapshot is exactly why multi-statement read-modify-write logic here is exposed to [lost updates](/postgres/02-isolation/lost-update), the most common real-world transaction bug, and why an UPDATE or DELETE that waited for a lock can affect fewer rows than you saw. Check the affected-row count, every time.	P6	Replaced or removed; resolved current docs/postgres/02-isolation/read-committed.md (paragraph); see corresponding current units and audit decisions
C0263	base	docs/postgres/02-isolation/read-committed.md:58	heading	## Further reading	P6	Retained; current docs/postgres/02-isolation/read-committed.md:56
C0264	base	docs/postgres/02-isolation/read-committed.md:60	paragraph	- [PostgreSQL docs: Read Committed Isolation Level](https://www.postgresql.org/docs/current/transaction-iso.html#XACT-READ-COMMITTED) - [The same lesson on MySQL](/mysql/02-isolation/read-committed)	P6	Replaced or removed; resolved current docs/postgres/02-isolation/read-committed.md (paragraph); see corresponding current units and audit decisions
C0265	current	docs/postgres/02-isolation/read-committed.md:1	heading	# Read Committed	P6	Resolved: D/M/Entailed as explicitly identified in the text; see registry and audit decisions
C0266	current	docs/postgres/02-isolation/read-committed.md:3	paragraph	The [PostgreSQL 18 Read Committed manual](https://www.postgresql.org/docs/18/transaction-iso.html#XACT-READ-COMMITTED) documents the default level. A plain SELECT, without FOR UPDATE or FOR SHARE, uses a snapshot of data committed before that query began, plus earlier changes from its own transaction. It excludes other transactions' uncommitted changes and commits that occur during that query. Updating and locking commands have additional rules.	P6	Resolved: D/M/Entailed as explicitly identified in the text; see registry and audit decisions
C0267	current	docs/postgres/02-isolation/read-committed.md:9	heading	## No dirty reads, even if you ask for them	P6	Resolved: D/M/Entailed as explicitly identified in the text; see registry and audit decisions
C0268	current	docs/postgres/02-isolation/read-committed.md:11	paragraph	B requests READ UNCOMMITTED and still reads 100 rather than A's uncommitted 999. The [manual's level mapping](https://www.postgresql.org/docs/18/transaction-iso.html) documents READ COMMITTED behavior for READ UNCOMMITTED; this one read illustrates it.	P6	Resolved: D/M/Entailed as explicitly identified in the text; see registry and audit decisions
C0269	current	docs/postgres/02-isolation/read-committed.md:17	heading	## Non-repeatable reads	P6	Resolved: D/M/Entailed as explicitly identified in the text; see registry and audit decisions
C0270	current	docs/postgres/02-isolation/read-committed.md:19	paragraph	A's two plain SELECTs return different values around B's committed UPDATE. The second part also asserts that a competing UPDATE waits for a row lock.	P6	Resolved: D/M/Entailed as explicitly identified in the text; see registry and audit decisions
C0271	current	docs/postgres/02-isolation/read-committed.md:24	heading	## Phantoms	P6	Resolved: D/M/Entailed as explicitly identified in the text; see registry and audit decisions
C0272	current	docs/postgres/02-isolation/read-committed.md:26	paragraph	A's later aggregate includes B's newly committed matching row, changing its count from two to three inside the same transaction.	P6	Resolved: D/M/Entailed as explicitly identified in the text; see registry and audit decisions
C0273	current	docs/postgres/02-isolation/read-committed.md:31	heading	## Read skew: a total that never existed	P6	Resolved: D/M/Entailed as explicitly identified in the text; see registry and audit decisions
C0274	current	docs/postgres/02-isolation/read-committed.md:33	paragraph	Separate reads around a committed transfer yield 50 and 75, totaling 125 rather than 100. The second schedule uses REPEATABLE READ and its two reads total 100. This concerns separate queries, not a single plain SELECT over both accounts.	P6	Resolved: D/M/Entailed as explicitly identified in the text; see registry and audit decisions
C0275	current	docs/postgres/02-isolation/read-committed.md:39	heading	## The subtle one: UPDATE re-checks its WHERE clause	P6	Resolved: D/M/Entailed as explicitly identified in the text; see registry and audit decisions
C0276	current	docs/postgres/02-isolation/read-committed.md:41	paragraph	The [Read Committed updating-command contract](https://www.postgresql.org/docs/18/transaction-iso.html#XACT-READ-COMMITTED) documents that an updater can wait, then operate on a newly committed target version after rechecking its predicate. It can therefore use a target version outside its initial snapshot. A single updating command is not necessarily a consistent snapshot of all rows it consults.	P6	Resolved: D/M/Entailed as explicitly identified in the text; see registry and audit decisions
C0277	current	docs/postgres/02-isolation/read-committed.md:49	paragraph	Here B affects zero rows because value = 10 no longer matches after A commits 20. Check affected-row counts when application success depends on a row being changed. Plain SELECTs do not wait for these row-update locks, but they can wait for conflicting table locks, as the [table-lock manual](https://www.postgresql.org/docs/18/explicit-locking.html#LOCKING-TABLES) documents. The snapshot contract concerns transactional table rows; sequences have [separate visibility and rollback rules](https://www.postgresql.org/docs/18/transaction-iso.html).	P6	Resolved: D/M/Entailed as explicitly identified in the text; see registry and audit decisions
C0278	current	docs/postgres/02-isolation/read-committed.md:56	heading	## Further reading	P6	Resolved: D/M/Entailed as explicitly identified in the text; see registry and audit decisions
C0279	current	docs/postgres/02-isolation/read-committed.md:58	paragraph	- [Lost updates](/postgres/02-isolation/lost-update) - [The same lesson on MySQL](/mysql/02-isolation/read-committed)	P6	Resolved: D/M/Entailed as explicitly identified in the text; see registry and audit decisions
C0280	base	docs/postgres/02-isolation/repeatable-read.md:1	heading	# Repeatable Read	P7	Retained; current docs/postgres/02-isolation/repeatable-read.md:1
C0281	base	docs/postgres/02-isolation/repeatable-read.md:3	paragraph	"At REPEATABLE READ, PostgreSQL takes one snapshot for the whole transaction, at its first statement (precisely: the [""first non-transaction-control statement""](https://www.postgresql.org/docs/current/transaction-iso.html#XACT-REPEATABLE-READ), so not at `BEGIN`), and every subsequent statement reads from that same frozen view. What you saw once, you'll see again: no non-repeatable reads, and (beyond what the SQL standard requires) no phantoms either. This is what the manual and the literature call *snapshot isolation*."	P7	Replaced or removed; resolved current docs/postgres/02-isolation/repeatable-read.md (paragraph); see corresponding current units and audit decisions
C0282	base	docs/postgres/02-isolation/repeatable-read.md:10	paragraph	The price: your snapshot can go stale, and PostgreSQL will *refuse* to let you overwrite what you can't see.	P7	Replaced or removed; resolved current docs/postgres/02-isolation/repeatable-read.md (paragraph); see corresponding current units and audit decisions
C0283	base	docs/postgres/02-isolation/repeatable-read.md:13	heading	## One snapshot, no phantoms	P7	Retained; current docs/postgres/02-isolation/repeatable-read.md:10
C0284	base	docs/postgres/02-isolation/repeatable-read.md:17	heading	## The write conflict: SQLSTATE 40001	P7	Retained; current docs/postgres/02-isolation/repeatable-read.md:18
C0285	base	docs/postgres/02-isolation/repeatable-read.md:19	paragraph	Reading a stale snapshot is safe. Writing through it is not: if a row you're updating was changed by a transaction that committed after your snapshot, PostgreSQL aborts you with `could not serialize access due to concurrent update`. And if the competing writer hasn't committed yet, you first wait on its lock. The verdict comes when it commits (fail) or rolls back (proceed):	P7	Replaced or removed; resolved current docs/postgres/02-isolation/repeatable-read.md (paragraph); see corresponding current units and audit decisions
C0286	base	docs/postgres/02-isolation/repeatable-read.md:27	paragraph	"So the shape of this level: one snapshot per transaction, taken by the first statement rather than by `BEGIN`, and in PostgreSQL that snapshot also prevents phantoms, stronger than the SQL standard's REPEATABLE READ, which [Table 13.1](https://www.postgresql.org/docs/current/transaction-iso.html#MVCC-ISOLEVEL-TABLE) marks ""Allowed, but not in PG"". Any UPDATE or DELETE of a concurrently-modified row raises `40001` ([`serialization_failure`](https://www.postgresql.org/docs/current/errcodes-appendix.html)), which is not an error to log and swallow: the manual tells you to [""retry the whole transaction from the beginning""](https://www.postgresql.org/docs/current/transaction-iso.html#XACT-REPEATABLE-READ), and the patterns chapter hands you a [ready-made retry helper](/postgres/05-patterns/retrying-serialization-failures)."	P7	Replaced or removed; resolved current docs/postgres/02-isolation/repeatable-read.md (paragraph); see corresponding current units and audit decisions
C0287	base	docs/postgres/02-isolation/repeatable-read.md:38	paragraph	One thing this level still won't give you: stale reads are reads all the same. Two REPEATABLE READ transactions can each decide something against their own snapshot that's jointly impossible. That's [write skew](/postgres/02-isolation/serializable), and the next level up is where it finally gets caught.	P7	Replaced or removed; resolved current docs/postgres/02-isolation/repeatable-read.md (paragraph); see corresponding current units and audit decisions
C0288	base	docs/postgres/02-isolation/repeatable-read.md:43	heading	## Further reading	P7	Retained; current docs/postgres/02-isolation/repeatable-read.md:40
C0289	base	docs/postgres/02-isolation/repeatable-read.md:45	paragraph	- [PostgreSQL docs: Repeatable Read Isolation Level](https://www.postgresql.org/docs/current/transaction-iso.html#XACT-REPEATABLE-READ) - [The same lesson on MySQL](/mysql/02-isolation/repeatable-read)	P7	Replaced or removed; resolved current docs/postgres/02-isolation/repeatable-read.md (paragraph); see corresponding current units and audit decisions
C0290	current	docs/postgres/02-isolation/repeatable-read.md:1	heading	# Repeatable Read	P7	Resolved: D/M/Entailed as explicitly identified in the text; see registry and audit decisions
C0291	current	docs/postgres/02-isolation/repeatable-read.md:3	paragraph	The [PostgreSQL 18 Repeatable Read manual](https://www.postgresql.org/docs/18/transaction-iso.html#XACT-REPEATABLE-READ) documents a snapshot established by the first non-transaction-control statement, not BEGIN. Later queries exclude subsequent commits by other transactions but include earlier changes made by their own transaction. PostgreSQL prevents non-repeatable reads and phantoms from concurrent commits at this level. Own writes can still change your query results; this is not an immutable view of your own work.	P7	Resolved: D/M/Entailed as explicitly identified in the text; see registry and audit decisions
C0292	current	docs/postgres/02-isolation/repeatable-read.md:10	heading	## One snapshot, no phantoms	P7	Resolved: D/M/Entailed as explicitly identified in the text; see registry and audit decisions
C0293	current	docs/postgres/02-isolation/repeatable-read.md:12	paragraph	B commits 101 after A's BEGIN but before A's first SELECT, which sees 101. A's later SELECT excludes B's committed 999 and new carol row, but includes A's own update to bob. After A commits, its next SELECT sees the committed changes.	P7	Resolved: D/M/Entailed as explicitly identified in the text; see registry and audit decisions
C0294	current	docs/postgres/02-isolation/repeatable-read.md:18	heading	## The write conflict: SQLSTATE 40001	P7	Resolved: D/M/Entailed as explicitly identified in the text; see registry and audit decisions
C0295	current	docs/postgres/02-isolation/repeatable-read.md:20	paragraph	A's UPDATE targets a row that B changed after A's snapshot. The Scenario asserts 40001 both after B has committed and after A waits for B to commit. In its final schedule, B rolls back instead, and A's waiting UPDATE succeeds.	P7	Resolved: D/M/Entailed as explicitly identified in the text; see registry and audit decisions
C0296	current	docs/postgres/02-isolation/repeatable-read.md:26	paragraph	The [manual's updating and locking rules](https://www.postgresql.org/docs/18/transaction-iso.html#XACT-REPEATABLE-READ) cover UPDATE, DELETE, MERGE, SELECT FOR UPDATE, and SELECT FOR SHARE: an actual post-snapshot update or deletion of a target by a committed concurrent transaction causes this conflict. Merely holding a lock, or changing an unrelated row, does not establish it. A row absent from the snapshot is not automatically an update target.	P7	Resolved: D/M/Entailed as explicitly identified in the text; see registry and audit decisions
C0297	current	docs/postgres/02-isolation/repeatable-read.md:32	paragraph	On 40001, abandon the failed attempt and retry the whole transaction from the beginning, including its reads and decisions. A retry can encounter another conflict; it is not a promise of immediate success. See [the retry pattern](/postgres/05-patterns/retrying-serialization-failures).	P7	Resolved: D/M/Entailed as explicitly identified in the text; see registry and audit decisions
C0298	current	docs/postgres/02-isolation/repeatable-read.md:36	paragraph	The manual calls this implementation snapshot isolation and notes that its stable view can still be inconsistent with every serial ordering. The [write-skew and read-only schedules](/postgres/02-isolation/serializable) demonstrate that limit.	P7	Resolved: D/M/Entailed as explicitly identified in the text; see registry and audit decisions
C0299	current	docs/postgres/02-isolation/repeatable-read.md:40	heading	## Further reading	P7	Resolved: D/M/Entailed as explicitly identified in the text; see registry and audit decisions
C0300	current	docs/postgres/02-isolation/repeatable-read.md:42	paragraph	- [PostgreSQL 18: isolation table](https://www.postgresql.org/docs/18/transaction-iso.html#MVCC-ISOLEVEL-TABLE) - [The same lesson on MySQL](/mysql/02-isolation/repeatable-read)	P7	Resolved: D/M/Entailed as explicitly identified in the text; see registry and audit decisions
C0301	base	docs/postgres/02-isolation/serializable.md:1	heading	# Serializable	P8	Retained; current docs/postgres/02-isolation/serializable.md:1
C0302	base	docs/postgres/02-isolation/serializable.md:3	paragraph	You got here from REPEATABLE READ, where your snapshot never shifts mid-transaction, so a shared invariant should be safe. It isn't. Two doctors are on call. Two transactions each check that at least one is still on call, each see two, and each take their own doctor off. Different rows, so nothing conflicts; both commit; the ward is now empty. No single transaction did anything wrong. That's [write skew](/concepts/write-skew), and nothing weaker than SERIALIZABLE stops it.	P8	Replaced or removed; resolved current docs/postgres/02-isolation/serializable.md (paragraph); see corresponding current units and audit decisions
C0303	base	docs/postgres/02-isolation/serializable.md:9	paragraph	SERIALIZABLE is the strongest level, and the one with a mental model you can actually hold: if every transaction runs SERIALIZABLE and commits, the result is guaranteed to equal *some* one-at-a-time execution of them. You reason about each transaction on its own and let the database guarantee the combination.	P8	Replaced or removed; resolved current docs/postgres/02-isolation/serializable.md (paragraph); see corresponding current units and audit decisions
C0304	base	docs/postgres/02-isolation/serializable.md:14	paragraph	PostgreSQL implements this as *Serializable Snapshot Isolation* (SSI): REPEATABLE READ snapshots plus tracking of the read/write dependencies between concurrent transactions. When a pattern appears that could produce a non-serializable outcome, it aborts one transaction with SQLSTATE `40001`: keep it, retry it, done.	P8	Replaced or removed; resolved current docs/postgres/02-isolation/serializable.md (paragraph); see corresponding current units and audit decisions
C0305	base	docs/postgres/02-isolation/serializable.md:19	heading	## Why REPEATABLE READ isn't enough: write skew	P8	Retained; current docs/postgres/02-isolation/serializable.md:18
C0306	base	docs/postgres/02-isolation/serializable.md:21	paragraph	Here's that on-call invariant as a live run at REPEATABLE READ. Two transactions, two different rows, both commit, and the rule they both checked is broken, with no error raised to warn you:	P8	Replaced or removed; resolved current docs/postgres/02-isolation/serializable.md (paragraph); see corresponding current units and audit decisions
C0307	base	docs/postgres/02-isolation/serializable.md:26	heading	## The same interleaving, SERIALIZABLE	P8	Retained; current docs/postgres/02-isolation/serializable.md:24
C0308	base	docs/postgres/02-isolation/serializable.md:30	heading	## It even protects read-only transactions	P8	Retained; current docs/postgres/02-isolation/serializable.md:31
C0309	base	docs/postgres/02-isolation/serializable.md:32	paragraph	The strangest anomaly in this chapter: at REPEATABLE READ, a read-only report can observe a state that no serial ordering of the transactions could ever produce: the numbers it printed become retroactively wrong. Under SERIALIZABLE, PostgreSQL aborts the writer that would invalidate the already-committed report:	P8	Replaced or removed; resolved current docs/postgres/02-isolation/serializable.md (paragraph); see corresponding current units and audit decisions
C0310	base	docs/postgres/02-isolation/serializable.md:39	heading	## Living with SERIALIZABLE	P8	Retained; current docs/postgres/02-isolation/serializable.md:42
C0311	base	docs/postgres/02-isolation/serializable.md:42	paragraph	Logging a serialization failure and moving on means the transaction never happened. `40001` is not an error to report; it's an instruction to retry.	P8	Replaced or removed; resolved current docs/postgres/02-isolation/serializable.md (paragraph); see corresponding current units and audit decisions
C0312	base	docs/postgres/02-isolation/serializable.md:46	paragraph	"Retries aren't optional at this level. Any serializable transaction, even a read-only one, can be aborted with `40001`, so your application has to retry, and [a small wrapper makes that painless](/postgres/05-patterns/retrying-serialization-failures). Some of those aborts are false positives: SSI's dependency tracking is deliberately conservative and will occasionally cancel a transaction that would have been fine. The [manual](https://www.postgresql.org/docs/current/transaction-iso.html#XACT-SERIALIZABLE) notes that when memory pressure forces page-level predicate locks to combine into relation-level ones, ""an increase in the rate of serialization failures may occur"". A false positive costs you a retry, never correctness."	P8	Replaced or removed; resolved current docs/postgres/02-isolation/serializable.md (paragraph); see corresponding current units and audit decisions
C0313	base	docs/postgres/02-isolation/serializable.md:56	paragraph	"Keep transactions short and small for the same reason. Dependency tracking is bounded by [`max_pred_locks_per_transaction`](https://www.postgresql.org/docs/current/runtime-config-locks.html#GUC-MAX-PRED-LOCKS-PER-TRANSACTION) and its `_per_relation` and `_per_page` siblings, and long transactions and sequential scans widen the conflict surface. For read-only work that must never be aborted or drag others down, `BEGIN ISOLATION LEVEL SERIALIZABLE READ ONLY DEFERRABLE` may block while it acquires a safe snapshot, then runs ""without any risk of contributing to or being canceled by a serialization failure"". The manual calls it [""well suited for long-running reports or backups""](https://www.postgresql.org/docs/current/sql-set-transaction.html)."	P8	Replaced or removed; resolved current docs/postgres/02-isolation/serializable.md (paragraph); see corresponding current units and audit decisions
C0314	base	docs/postgres/02-isolation/serializable.md:65	paragraph	The trade in one breath: SERIALIZABLE is REPEATABLE READ plus dependency monitoring rather than locks, so readers still never block writers, and it's the only level that stops write skew and the read-only anomaly on its own. Invariants that span multiple rows are safe here, or with the explicit locking of the next chapter, and nowhere weaker. Design for `40001` from the first day: retry loops, idempotent transaction bodies, and no side effects like emails or HTTP calls inside the transaction.	P8	Replaced or removed; resolved current docs/postgres/02-isolation/serializable.md (paragraph); see corresponding current units and audit decisions
C0315	base	docs/postgres/02-isolation/serializable.md:72	heading	## Further reading	P8	Retained; current docs/postgres/02-isolation/serializable.md:65
C0316	base	docs/postgres/02-isolation/serializable.md:74	paragraph	- [PostgreSQL docs: Serializable Isolation Level](https://www.postgresql.org/docs/current/transaction-iso.html#XACT-SERIALIZABLE) - [PostgreSQL wiki: SSI examples](https://wiki.postgresql.org/wiki/SSI): the source of the deposit-report example above - Ports & Grittner, [*Serializable Snapshot Isolation in PostgreSQL*](https://arxiv.org/abs/1208.4179) (VLDB 2012): the paper behind PostgreSQL's SSI implementation - [The same lesson on MySQL](/mysql/02-isolation/serializable)	P8	Replaced or removed; resolved current docs/postgres/02-isolation/serializable.md (paragraph); see corresponding current units and audit decisions
C0317	current	docs/postgres/02-isolation/serializable.md:1	heading	# Serializable	P8	Resolved: D/M/Entailed as explicitly identified in the text; see registry and audit decisions
C0318	current	docs/postgres/02-isolation/serializable.md:3	paragraph	Two REPEATABLE READ transactions can both read two on-call doctors, then update different rows and commit, leaving none on call. That is the [write-skew problem](/concepts/write-skew). Stable snapshots alone do not protect this rule.	P8	Resolved: D/M/Entailed as explicitly identified in the text; see registry and audit decisions
C0319	current	docs/postgres/02-isolation/serializable.md:7	paragraph	The [PostgreSQL 18 Serializable manual](https://www.postgresql.org/docs/18/transaction-iso.html#XACT-SERIALIZABLE) documents serial-equivalent execution for committed SERIALIZABLE transactions. A business rule is protected by this contract only when each transaction preserves it in serial execution and all relevant writers participate. Constraints or suitable explicit locking can protect some rules at weaker levels too.	P8	Resolved: D/M/Entailed as explicitly identified in the text; see registry and audit decisions
C0320	current	docs/postgres/02-isolation/serializable.md:13	paragraph	PostgreSQL uses Serializable Snapshot Isolation: snapshot reads plus monitoring of dependencies that can make the execution non-serializable. Detection can cause 40001 at a statement or COMMIT. The contract does not specify a universal winning session or promise that the first committer always wins.	P8	Resolved: D/M/Entailed as explicitly identified in the text; see registry and audit decisions
C0321	current	docs/postgres/02-isolation/serializable.md:18	heading	## Why REPEATABLE READ isn't enough: write skew	P8	Resolved: D/M/Entailed as explicitly identified in the text; see registry and audit decisions
C0322	current	docs/postgres/02-isolation/serializable.md:20	paragraph	Both displayed transactions commit and the final asserted on-call count is zero.	P8	Resolved: D/M/Entailed as explicitly identified in the text; see registry and audit decisions
C0323	current	docs/postgres/02-isolation/serializable.md:24	heading	## The same interleaving, SERIALIZABLE	P8	Resolved: D/M/Entailed as explicitly identified in the text; see registry and audit decisions
C0324	current	docs/postgres/02-isolation/serializable.md:26	paragraph	In this schedule A commits, B's COMMIT fails with 40001, and one doctor remains. B's fresh transaction then asserts one on-call doctor and leaves that doctor on call.	P8	Resolved: D/M/Entailed as explicitly identified in the text; see registry and audit decisions
C0325	current	docs/postgres/02-isolation/serializable.md:31	heading	## It even protects read-only transactions	P8	Resolved: D/M/Entailed as explicitly identified in the text; see registry and audit decisions
C0326	current	docs/postgres/02-isolation/serializable.md:33	paragraph	In the REPEATABLE READ schedule, the report reads the closed-batch marker and two receipts before a third receipt commits into that batch. No serial ordering explains all three transactions' reads and writes: the cashier's old-marker read requires it before the closer, while the report's new marker puts it after the closer and its missing receipt puts it before the cashier. With all three SERIALIZABLE, this schedule rejects the cashier at COMMIT. No cashier retry is executed in this Scenario.	P8	Resolved: D/M/Entailed as explicitly identified in the text; see registry and audit decisions
C0327	current	docs/postgres/02-isolation/serializable.md:42	heading	## Living with SERIALIZABLE	P8	Resolved: D/M/Entailed as explicitly identified in the text; see registry and audit decisions
C0328	current	docs/postgres/02-isolation/serializable.md:45	paragraph	An aborted attempt has not completed the requested work. Either retry the whole transaction with fresh reads and decisions or return a controlled failure. Do not report the operation as committed. Retries need a policy for repeated failures.	P8	Resolved: D/M/Entailed as explicitly identified in the text; see registry and audit decisions
C0329	current	docs/postgres/02-isolation/serializable.md:50	paragraph	The [Serializable manual](https://www.postgresql.org/docs/18/transaction-iso.html#XACT-SERIALIZABLE) documents that even a read-only transaction can encounter serialization failure. Do not use its results as valid until it commits. Predicate-lock tracking can be conservative; combining locks due to resource limits can increase failures. These Scenarios do not measure that overhead or establish a performance tuning rule.	P8	Resolved: D/M/Entailed as explicitly identified in the text; see registry and audit decisions
C0330	current	docs/postgres/02-isolation/serializable.md:56	paragraph	The [SET TRANSACTION manual](https://www.postgresql.org/docs/18/sql-set-transaction.html#SQL-SET-TRANSACTION-DESCRIPTION) documents SERIALIZABLE READ ONLY DEFERRABLE: acquisition of a safe snapshot can wait, after which serialization-failure cancellation is avoided. That is not immunity from timeouts, connection loss, or other errors, and is not executed here.	P8	Resolved: D/M/Entailed as explicitly identified in the text; see registry and audit decisions
C0331	current	docs/postgres/02-isolation/serializable.md:61	paragraph	SSI monitoring adds no blocking beyond REPEATABLE READ, according to the isolation manual. Normal row and table locks still apply. Retry bodies must account for effects outside the database transaction; rollback cannot undo an email or HTTP effect.	P8	Resolved: D/M/Entailed as explicitly identified in the text; see registry and audit decisions
C0332	current	docs/postgres/02-isolation/serializable.md:65	heading	## Further reading	P8	Resolved: D/M/Entailed as explicitly identified in the text; see registry and audit decisions
C0333	current	docs/postgres/02-isolation/serializable.md:67	paragraph	- [PostgreSQL 18: Serializable](https://www.postgresql.org/docs/18/transaction-iso.html#XACT-SERIALIZABLE) - [PostgreSQL SSI examples](https://wiki.postgresql.org/wiki/SSI) - [The same lesson on MySQL](/mysql/02-isolation/serializable)	P8	Resolved: D/M/Entailed as explicitly identified in the text; see registry and audit decisions
C0334	base	docs/postgres/02-isolation/snapshots-and-the-four-levels.md:1	heading	# Snapshots & the four levels	P9	Retained; current docs/postgres/02-isolation/snapshots-and-the-four-levels.md:1
C0335	base	docs/postgres/02-isolation/snapshots-and-the-four-levels.md:3	paragraph	Isolation, the I in ACID, answers one question: what do concurrent transactions see of each other's work? The SQL standard's four-level ladder, and the anomaly vocabulary that defines it (dirty read, non-repeatable read, phantom, and the ones the standard famously forgot), is covered in [Concepts: isolation levels](/concepts/isolation-levels). This chapter shows what each level does *on PostgreSQL*: exactly what each trade buys, and what it silently gives away.	P9	Replaced or removed; resolved current docs/postgres/02-isolation/snapshots-and-the-four-levels.md (paragraph); see corresponding current units and audit decisions
C0336	base	docs/postgres/02-isolation/snapshots-and-the-four-levels.md:10	heading	## How PostgreSQL actually does it: snapshots	P9	Retained; current docs/postgres/02-isolation/snapshots-and-the-four-levels.md:8
C0337	base	docs/postgres/02-isolation/snapshots-and-the-four-levels.md:12	paragraph	"PostgreSQL implements isolation with *MVCC* (multi-version concurrency control): writers create new row *versions* instead of overwriting, and every query reads from a *snapshot*, a frozen view of which transactions' work is visible. That architecture has one famous consequence: in [the manual's words](https://www.postgresql.org/docs/current/mvcc-intro.html), ""reading never blocks writing and writing never blocks reading"". Only writers competing for the *same rows* wait for each other (you'll see plenty of that in this chapter)."	P9	Replaced or removed; resolved current docs/postgres/02-isolation/snapshots-and-the-four-levels.md (paragraph); see corresponding current units and audit decisions
C0338	base	docs/postgres/02-isolation/snapshots-and-the-four-levels.md:19	paragraph	The levels differ mainly in *when the snapshot is taken*:	P9	Replaced or removed; resolved current docs/postgres/02-isolation/snapshots-and-the-four-levels.md (paragraph); see corresponding current units and audit decisions
C0339	base	docs/postgres/02-isolation/snapshots-and-the-four-levels.md:21	cell1	You ask for	P9	Retained; current docs/postgres/02-isolation/snapshots-and-the-four-levels.md:22
C0340	base	docs/postgres/02-isolation/snapshots-and-the-four-levels.md:21	cell2	You get	P9	Retained; current docs/postgres/02-isolation/snapshots-and-the-four-levels.md:22
C0341	base	docs/postgres/02-isolation/snapshots-and-the-four-levels.md:21	cell3	Snapshot	P9	Replaced or removed; resolved current docs/postgres/02-isolation/snapshots-and-the-four-levels.md (cell3); see corresponding current units and audit decisions
C0342	base	docs/postgres/02-isolation/snapshots-and-the-four-levels.md:23	cell1	READ UNCOMMITTED	P9	Retained; current docs/postgres/02-isolation/snapshots-and-the-four-levels.md:24
C0343	base	docs/postgres/02-isolation/snapshots-and-the-four-levels.md:23	cell2	READ COMMITTED behavior	P9	Retained; current docs/postgres/02-isolation/snapshots-and-the-four-levels.md:24
C0344	base	docs/postgres/02-isolation/snapshots-and-the-four-levels.md:23	cell3	new snapshot **per statement**	P9	Replaced or removed; resolved current docs/postgres/02-isolation/snapshots-and-the-four-levels.md (cell3); see corresponding current units and audit decisions
C0345	base	docs/postgres/02-isolation/snapshots-and-the-four-levels.md:24	cell1	READ COMMITTED *(default)*	P9	Replaced or removed; resolved current docs/postgres/02-isolation/snapshots-and-the-four-levels.md (cell1); see corresponding current units and audit decisions
C0346	base	docs/postgres/02-isolation/snapshots-and-the-four-levels.md:24	cell2	READ COMMITTED	P9	Retained; current docs/postgres/02-isolation/snapshots-and-the-four-levels.md:25
C0347	base	docs/postgres/02-isolation/snapshots-and-the-four-levels.md:24	cell3	new snapshot **per statement**	P9	Replaced or removed; resolved current docs/postgres/02-isolation/snapshots-and-the-four-levels.md (cell3); see corresponding current units and audit decisions
C0348	base	docs/postgres/02-isolation/snapshots-and-the-four-levels.md:25	cell1	REPEATABLE READ	P9	Retained; current docs/postgres/02-isolation/snapshots-and-the-four-levels.md:26
C0349	base	docs/postgres/02-isolation/snapshots-and-the-four-levels.md:25	cell2	snapshot isolation, stronger than the standard's RR	P9	Replaced or removed; resolved current docs/postgres/02-isolation/snapshots-and-the-four-levels.md (cell2); see corresponding current units and audit decisions
C0350	base	docs/postgres/02-isolation/snapshots-and-the-four-levels.md:25	cell3	one snapshot **per transaction**	P9	Replaced or removed; resolved current docs/postgres/02-isolation/snapshots-and-the-four-levels.md (cell3); see corresponding current units and audit decisions
C0351	base	docs/postgres/02-isolation/snapshots-and-the-four-levels.md:26	cell1	SERIALIZABLE	P9	Retained; current docs/postgres/02-isolation/snapshots-and-the-four-levels.md:27
C0352	base	docs/postgres/02-isolation/snapshots-and-the-four-levels.md:26	cell2	REPEATABLE READ + serializability monitoring (SSI)	P9	Replaced or removed; resolved current docs/postgres/02-isolation/snapshots-and-the-four-levels.md (cell2); see corresponding current units and audit decisions
C0353	base	docs/postgres/02-isolation/snapshots-and-the-four-levels.md:26	cell3	one snapshot per transaction	P9	Replaced or removed; resolved current docs/postgres/02-isolation/snapshots-and-the-four-levels.md (cell3); see corresponding current units and audit decisions
C0354	base	docs/postgres/02-isolation/snapshots-and-the-four-levels.md:28	paragraph	Two PostgreSQL-specific facts worth internalizing now, both proven in the next lessons:	P9	Replaced or removed; resolved current docs/postgres/02-isolation/snapshots-and-the-four-levels.md (paragraph); see corresponding current units and audit decisions
C0355	base	docs/postgres/02-isolation/snapshots-and-the-four-levels.md:30	paragraph	"1. Dirty reads are impossible at every level. READ UNCOMMITTED is accepted as syntax and quietly behaves as READ COMMITTED: ""In PostgreSQL READ UNCOMMITTED is treated as READ COMMITTED"" ([SET TRANSACTION](https://www.postgresql.org/docs/current/sql-set-transaction.html)). [Proof](/postgres/02-isolation/read-committed). 2. REPEATABLE READ also prevents phantoms, which the standard doesn't require: [proof](/postgres/02-isolation/repeatable-read)."	P9	Replaced or removed; resolved current docs/postgres/02-isolation/snapshots-and-the-four-levels.md (paragraph); see corresponding current units and audit decisions
C0356	base	docs/postgres/02-isolation/snapshots-and-the-four-levels.md:37	heading	## Choosing a level	P9	Retained; current docs/postgres/02-isolation/snapshots-and-the-four-levels.md:35
C0357	base	docs/postgres/02-isolation/snapshots-and-the-four-levels.md:40	SQL example	BEGIN ISOLATION LEVEL REPEATABLE READ;         -- per transaction (most common)	P9	Replaced or removed; resolved current docs/postgres/02-isolation/snapshots-and-the-four-levels.md (SQL example); see corresponding current units and audit decisions
C0358	base	docs/postgres/02-isolation/snapshots-and-the-four-levels.md:41	SQL example	BEGIN; SET TRANSACTION ISOLATION LEVEL SERIALIZABLE;  -- same thing, two steps	P9	Replaced or removed; resolved current docs/postgres/02-isolation/snapshots-and-the-four-levels.md (SQL example); see corresponding current units and audit decisions
C0359	base	docs/postgres/02-isolation/snapshots-and-the-four-levels.md:42	SQL example	SET default_transaction_isolation = 'repeatable read'; -- session/server default	P9	Replaced or removed; resolved current docs/postgres/02-isolation/snapshots-and-the-four-levels.md (SQL example); see corresponding current units and audit decisions
C0360	base	docs/postgres/02-isolation/snapshots-and-the-four-levels.md:45	paragraph	"The level [""cannot be changed after the first query or data-modification statement""](https://www.postgresql.org/docs/current/sql-set-transaction.html) of the transaction, and at REPEATABLE READ and above, that first statement (not `BEGIN` itself) is what takes the snapshot."	P9	Replaced or removed; resolved current docs/postgres/02-isolation/snapshots-and-the-four-levels.md (paragraph); see corresponding current units and audit decisions
C0361	base	docs/postgres/02-isolation/snapshots-and-the-four-levels.md:49	heading	## Further reading	P9	Retained; current docs/postgres/02-isolation/snapshots-and-the-four-levels.md:49
C0362	base	docs/postgres/02-isolation/snapshots-and-the-four-levels.md:51	paragraph	- [PostgreSQL docs: Transaction Isolation](https://www.postgresql.org/docs/current/transaction-iso.html): the single best chapter of the official manual; this chapter of the tutorial is that page with executable proofs attached. - [PostgreSQL docs: Introduction to MVCC](https://www.postgresql.org/docs/current/mvcc-intro.html) · [SET TRANSACTION](https://www.postgresql.org/docs/current/sql-set-transaction.html) - [The same lesson on MySQL](/mysql/02-isolation/snapshots-and-the-four-levels)	P9	Replaced or removed; resolved current docs/postgres/02-isolation/snapshots-and-the-four-levels.md (paragraph); see corresponding current units and audit decisions
C0363	current	docs/postgres/02-isolation/snapshots-and-the-four-levels.md:1	heading	# Snapshots & the four levels	P9	Resolved: D/M/Entailed as explicitly identified in the text; see registry and audit decisions
C0364	current	docs/postgres/02-isolation/snapshots-and-the-four-levels.md:3	paragraph	Isolation controls what concurrent transactions can observe and which combinations can commit. [Concepts: isolation levels](/concepts/isolation-levels) introduces the vocabulary. This chapter separates PostgreSQL 18 Documented contracts from outcomes demonstrated on the version printed in each Transcript, currently 18.6.	P9	Resolved: D/M/Entailed as explicitly identified in the text; see registry and audit decisions
C0365	current	docs/postgres/02-isolation/snapshots-and-the-four-levels.md:8	heading	## How PostgreSQL actually does it: snapshots	P9	Resolved: D/M/Entailed as explicitly identified in the text; see registry and audit decisions
C0366	current	docs/postgres/02-isolation/snapshots-and-the-four-levels.md:10	paragraph	[PostgreSQL's MVCC introduction](https://www.postgresql.org/docs/18/mvcc-intro.html) documents snapshot-based access to row versions. Plain SELECTs do not wait for the row-update locks shown in this chapter. That does not mean only same-row writers can wait: [table locks](https://www.postgresql.org/docs/18/explicit-locking.html#LOCKING-TABLES) can block SELECT, and locking reads can wait for row locks.	P9	Resolved: D/M/Entailed as explicitly identified in the text; see registry and audit decisions
C0367	current	docs/postgres/02-isolation/snapshots-and-the-four-levels.md:16	paragraph	The following table summarizes the [PostgreSQL 18 isolation contracts](https://www.postgresql.org/docs/18/transaction-iso.html). Snapshot visibility includes prior writes by the reading transaction; sequences have separate rules. Updating and locking commands need the operation-specific rules in the following lessons.	P9	Resolved: D/M/Entailed as explicitly identified in the text; see registry and audit decisions
C0368	current	docs/postgres/02-isolation/snapshots-and-the-four-levels.md:22	cell1	You ask for	P9	Resolved: D/M/Entailed as explicitly identified in the text; see registry and audit decisions
C0369	current	docs/postgres/02-isolation/snapshots-and-the-four-levels.md:22	cell2	You get	P9	Resolved: D/M/Entailed as explicitly identified in the text; see registry and audit decisions
C0370	current	docs/postgres/02-isolation/snapshots-and-the-four-levels.md:22	cell3	Plain SELECT snapshot	P9	Resolved: D/M/Entailed as explicitly identified in the text; see registry and audit decisions
C0371	current	docs/postgres/02-isolation/snapshots-and-the-four-levels.md:24	cell1	READ UNCOMMITTED	P9	Resolved: D/M/Entailed as explicitly identified in the text; see registry and audit decisions
C0372	current	docs/postgres/02-isolation/snapshots-and-the-four-levels.md:24	cell2	READ COMMITTED behavior	P9	Resolved: D/M/Entailed as explicitly identified in the text; see registry and audit decisions
C0373	current	docs/postgres/02-isolation/snapshots-and-the-four-levels.md:24	cell3	new snapshot per query	P9	Resolved: D/M/Entailed as explicitly identified in the text; see registry and audit decisions
C0374	current	docs/postgres/02-isolation/snapshots-and-the-four-levels.md:25	cell1	READ COMMITTED, the default	P9	Resolved: D/M/Entailed as explicitly identified in the text; see registry and audit decisions
C0375	current	docs/postgres/02-isolation/snapshots-and-the-four-levels.md:25	cell2	READ COMMITTED	P9	Resolved: D/M/Entailed as explicitly identified in the text; see registry and audit decisions
C0376	current	docs/postgres/02-isolation/snapshots-and-the-four-levels.md:25	cell3	new snapshot per query	P9	Resolved: D/M/Entailed as explicitly identified in the text; see registry and audit decisions
C0377	current	docs/postgres/02-isolation/snapshots-and-the-four-levels.md:26	cell1	REPEATABLE READ	P9	Resolved: D/M/Entailed as explicitly identified in the text; see registry and audit decisions
C0378	current	docs/postgres/02-isolation/snapshots-and-the-four-levels.md:26	cell2	PostgreSQL snapshot isolation, no phantoms from concurrent commits	P9	Resolved: D/M/Entailed as explicitly identified in the text; see registry and audit decisions
C0379	current	docs/postgres/02-isolation/snapshots-and-the-four-levels.md:26	cell3	snapshot from the first non-transaction-control statement	P9	Resolved: D/M/Entailed as explicitly identified in the text; see registry and audit decisions
C0380	current	docs/postgres/02-isolation/snapshots-and-the-four-levels.md:27	cell1	SERIALIZABLE	P9	Resolved: D/M/Entailed as explicitly identified in the text; see registry and audit decisions
C0381	current	docs/postgres/02-isolation/snapshots-and-the-four-levels.md:27	cell2	REPEATABLE READ visibility plus SSI monitoring	P9	Resolved: D/M/Entailed as explicitly identified in the text; see registry and audit decisions
C0382	current	docs/postgres/02-isolation/snapshots-and-the-four-levels.md:27	cell3	transaction snapshot, with possible serialization failure	P9	Resolved: D/M/Entailed as explicitly identified in the text; see registry and audit decisions
C0383	current	docs/postgres/02-isolation/snapshots-and-the-four-levels.md:29	paragraph	[The READ UNCOMMITTED schedule](/postgres/02-isolation/read-committed#no-dirty-reads-even-if-you-ask-for-them) demonstrates one uncommitted UPDATE remaining invisible. The [REPEATABLE READ schedule](/postgres/02-isolation/repeatable-read#one-snapshot-no-phantoms) demonstrates exclusion of later committed changes and visibility of own writes. Neither finite schedule establishes the complete contract by itself.	P9	Resolved: D/M/Entailed as explicitly identified in the text; see registry and audit decisions
C0384	current	docs/postgres/02-isolation/snapshots-and-the-four-levels.md:35	heading	## Choosing a level	P9	Resolved: D/M/Entailed as explicitly identified in the text; see registry and audit decisions
C0385	current	docs/postgres/02-isolation/snapshots-and-the-four-levels.md:38	SQL example	BEGIN ISOLATION LEVEL REPEATABLE READ;	P9	Resolved: D/M/Entailed as explicitly identified in the text; see registry and audit decisions
C0386	current	docs/postgres/02-isolation/snapshots-and-the-four-levels.md:39	SQL example	BEGIN; SET TRANSACTION ISOLATION LEVEL SERIALIZABLE;	P9	Resolved: D/M/Entailed as explicitly identified in the text; see registry and audit decisions
C0387	current	docs/postgres/02-isolation/snapshots-and-the-four-levels.md:40	SQL example	SET default_transaction_isolation = 'repeatable read';	P9	Resolved: D/M/Entailed as explicitly identified in the text; see registry and audit decisions
C0388	current	docs/postgres/02-isolation/snapshots-and-the-four-levels.md:43	paragraph	These are alternative forms, not a sequence to run inside one transaction. [SET TRANSACTION](https://www.postgresql.org/docs/18/sql-set-transaction.html#SQL-SET-TRANSACTION-DESCRIPTION) documents that the isolation level cannot change after the first query or data-modification statement. The session default applies to subsequent transactions; it does not change a current transaction's established snapshot.	P9	Resolved: D/M/Entailed as explicitly identified in the text; see registry and audit decisions
C0389	current	docs/postgres/02-isolation/snapshots-and-the-four-levels.md:49	heading	## Further reading	P9	Resolved: D/M/Entailed as explicitly identified in the text; see registry and audit decisions
C0390	current	docs/postgres/02-isolation/snapshots-and-the-four-levels.md:51	paragraph	- [PostgreSQL 18: Transaction Isolation](https://www.postgresql.org/docs/18/transaction-iso.html) - [The same lesson on MySQL](/mysql/02-isolation/snapshots-and-the-four-levels)	P9	Resolved: D/M/Entailed as explicitly identified in the text; see registry and audit decisions
C0391	base	scenarios/postgres/01-basics/aborted-transaction.yaml:1	title	One error aborts the whole transaction	P10	Replaced or removed; resolved current scenarios/postgres/01-basics/aborted-transaction.yaml (title); see corresponding current units and audit decisions
C0392	base	scenarios/postgres/01-basics/aborted-transaction.yaml:2	claim	After any error inside a transaction, PostgreSQL rejects every further statement with 25P02 until you ROLLBACK.	P10	Replaced or removed; resolved current scenarios/postgres/01-basics/aborted-transaction.yaml (claim); see corresponding current units and audit decisions
C0393	base	scenarios/postgres/01-basics/aborted-transaction.yaml:5	setup	SELECT 1;	P10	Replaced or removed; resolved current scenarios/postgres/01-basics/aborted-transaction.yaml (setup); see corresponding current units and audit decisions
C0394	base	scenarios/postgres/01-basics/aborted-transaction.yaml:9	A	BEGIN	P10	Replaced or removed; resolved current scenarios/postgres/01-basics/aborted-transaction.yaml (A); see corresponding current units and audit decisions
C0395	base	scenarios/postgres/01-basics/aborted-transaction.yaml:11	A.fails	SELECT 1 / 0	P10	Retained; current scenarios/postgres/01-basics/aborted-transaction.yaml:10
C0396	base	scenarios/postgres/01-basics/aborted-transaction.yaml:12	error	"""22012"""	P10	Retained; current scenarios/postgres/01-basics/aborted-transaction.yaml:11
C0397	base	scenarios/postgres/01-basics/aborted-transaction.yaml:13	comment	division_by_zero	P10	Retained; current scenarios/postgres/01-basics/aborted-transaction.yaml:12
C0398	base	scenarios/postgres/01-basics/aborted-transaction.yaml:15	note	The transaction is now aborted. Even a perfectly innocent statement is refused.	P10	Retained; current scenarios/postgres/01-basics/aborted-transaction.yaml:14
C0399	base	scenarios/postgres/01-basics/aborted-transaction.yaml:16	A.fails	SELECT 1 AS innocent	P10	Retained; current scenarios/postgres/01-basics/aborted-transaction.yaml:15
C0400	base	scenarios/postgres/01-basics/aborted-transaction.yaml:17	error	"""25P02"""	P10	Retained; current scenarios/postgres/01-basics/aborted-transaction.yaml:16
C0401	base	scenarios/postgres/01-basics/aborted-transaction.yaml:18	comment	in_failed_sql_transaction	P10	Retained; current scenarios/postgres/01-basics/aborted-transaction.yaml:17
C0402	base	scenarios/postgres/01-basics/aborted-transaction.yaml:20	note	ROLLBACK is the only way out. Afterwards, the session works normally again.	P10	Replaced or removed; resolved current scenarios/postgres/01-basics/aborted-transaction.yaml (note); see corresponding current units and audit decisions
C0403	base	scenarios/postgres/01-basics/aborted-transaction.yaml:21	A	ROLLBACK	P10	Retained; current scenarios/postgres/01-basics/aborted-transaction.yaml:20
C0404	base	scenarios/postgres/01-basics/aborted-transaction.yaml:23	A	SELECT 1 AS innocent	P10	Retained; current scenarios/postgres/01-basics/aborted-transaction.yaml:22
C0405	base	scenarios/postgres/01-basics/aborted-transaction.yaml:24	expect	[{ innocent: 1 }]	P10	Retained; current scenarios/postgres/01-basics/aborted-transaction.yaml:23
C0406	current	scenarios/postgres/01-basics/aborted-transaction.yaml:1	title	Statement error leaves an explicit transaction failed	P10	Demonstrated schedule explanation
C0407	current	scenarios/postgres/01-basics/aborted-transaction.yaml:2	claim	After division by zero in this explicit transaction, SELECT fails with 25P02; ROLLBACK ends the failed transaction and a new SELECT succeeds. In the second transaction, COMMIT after the error rolls back the preceding INSERT.	P10	Demonstrated schedule explanation
C0408	current	scenarios/postgres/01-basics/aborted-transaction.yaml:4	setup	CREATE TABLE samples (n int PRIMARY KEY);	P10	Executed SQL/assertion
C0409	current	scenarios/postgres/01-basics/aborted-transaction.yaml:8	A	BEGIN ISOLATION LEVEL READ COMMITTED	P10	Executed SQL/assertion
C0410	current	scenarios/postgres/01-basics/aborted-transaction.yaml:10	A.fails	SELECT 1 / 0	P10	Executed SQL/assertion
C0411	current	scenarios/postgres/01-basics/aborted-transaction.yaml:11	error	"""22012"""	P10	Executed SQL/assertion
C0412	current	scenarios/postgres/01-basics/aborted-transaction.yaml:12	comment	division_by_zero	P10	Demonstrated schedule explanation
C0413	current	scenarios/postgres/01-basics/aborted-transaction.yaml:14	note	The transaction is now aborted. Even a perfectly innocent statement is refused.	P10	Demonstrated schedule explanation
C0414	current	scenarios/postgres/01-basics/aborted-transaction.yaml:15	A.fails	SELECT 1 AS innocent	P10	Executed SQL/assertion
C0415	current	scenarios/postgres/01-basics/aborted-transaction.yaml:16	error	"""25P02"""	P10	Executed SQL/assertion
C0416	current	scenarios/postgres/01-basics/aborted-transaction.yaml:17	comment	in_failed_sql_transaction	P10	Demonstrated schedule explanation
C0417	current	scenarios/postgres/01-basics/aborted-transaction.yaml:19	note	This first transaction uses full ROLLBACK. The next transaction checks COMMIT after an error; savepoint recovery has its own Scenario.	P10	Demonstrated schedule explanation
C0418	current	scenarios/postgres/01-basics/aborted-transaction.yaml:20	A	ROLLBACK	P10	Executed SQL/assertion
C0419	current	scenarios/postgres/01-basics/aborted-transaction.yaml:22	A	SELECT 1 AS innocent	P10	Executed SQL/assertion
C0420	current	scenarios/postgres/01-basics/aborted-transaction.yaml:23	expect	[{ innocent: 1 }]	P10	Executed SQL/assertion
C0421	current	scenarios/postgres/01-basics/aborted-transaction.yaml:25	A	BEGIN ISOLATION LEVEL READ COMMITTED	P10	Executed SQL/assertion
C0422	current	scenarios/postgres/01-basics/aborted-transaction.yaml:26	A	INSERT INTO samples VALUES (1)	P10	Executed SQL/assertion
C0423	current	scenarios/postgres/01-basics/aborted-transaction.yaml:27	affected	1	P10	Executed SQL/assertion
C0424	current	scenarios/postgres/01-basics/aborted-transaction.yaml:28	A.fails	SELECT 1 / 0	P10	Executed SQL/assertion
C0425	current	scenarios/postgres/01-basics/aborted-transaction.yaml:29	error	"""22012"""	P10	Executed SQL/assertion
C0426	current	scenarios/postgres/01-basics/aborted-transaction.yaml:30	A	COMMIT	P10	Executed SQL/assertion
C0427	current	scenarios/postgres/01-basics/aborted-transaction.yaml:31	comment	a failed transaction ends by rolling back, even when COMMIT is sent	P10	Demonstrated schedule explanation
C0428	current	scenarios/postgres/01-basics/aborted-transaction.yaml:32	A	SELECT count(*)::int AS remaining FROM samples	P10	Executed SQL/assertion
C0429	current	scenarios/postgres/01-basics/aborted-transaction.yaml:33	expect	[{ remaining: 0 }]	P10	Executed SQL/assertion
C0430	base	scenarios/postgres/01-basics/atomicity.yaml:1	title	"""Atomicity: all or nothing"""	P11	Replaced or removed; resolved current scenarios/postgres/01-basics/atomicity.yaml (title); see corresponding current units and audit decisions
C0431	base	scenarios/postgres/01-basics/atomicity.yaml:2	claim	A transaction that fails halfway leaves zero partial writes — even statements that already succeeded inside it are undone.	P11	Replaced or removed; resolved current scenarios/postgres/01-basics/atomicity.yaml (claim); see corresponding current units and audit decisions
C0432	base	scenarios/postgres/01-basics/atomicity.yaml:5	setup	CREATE TABLE accounts ( id      int PRIMARY KEY, owner   text NOT NULL, balance int NOT NULL CHECK (balance >= 0) ); INSERT INTO accounts VALUES (1, 'alice', 100), (2, 'bob', 50);	P11	Retained; current scenarios/postgres/01-basics/atomicity.yaml:4
C0433	base	scenarios/postgres/01-basics/atomicity.yaml:14	note	A transfers 150 from alice to bob. Crediting bob works fine…	P11	Retained; current scenarios/postgres/01-basics/atomicity.yaml:13
C0434	base	scenarios/postgres/01-basics/atomicity.yaml:15	A	BEGIN	P11	Replaced or removed; resolved current scenarios/postgres/01-basics/atomicity.yaml (A); see corresponding current units and audit decisions
C0435	base	scenarios/postgres/01-basics/atomicity.yaml:16	A	UPDATE accounts SET balance = balance + 150 WHERE owner = 'bob'	P11	Retained; current scenarios/postgres/01-basics/atomicity.yaml:15
C0436	base	scenarios/postgres/01-basics/atomicity.yaml:17	tl	credit bob +150 (uncommitted)	P11	Retained; current scenarios/postgres/01-basics/atomicity.yaml:16
C0437	base	scenarios/postgres/01-basics/atomicity.yaml:19	B	SELECT balance FROM accounts WHERE owner = 'bob'	P11	Retained; current scenarios/postgres/01-basics/atomicity.yaml:18
C0438	base	scenarios/postgres/01-basics/atomicity.yaml:20	expect	[{ balance: 50 }]	P11	Retained; current scenarios/postgres/01-basics/atomicity.yaml:19
C0439	base	scenarios/postgres/01-basics/atomicity.yaml:21	comment	B can't see A's uncommitted credit	P11	Retained; current scenarios/postgres/01-basics/atomicity.yaml:20
C0440	base	scenarios/postgres/01-basics/atomicity.yaml:22	tl	SELECT bob → 50 ← A's credit is invisible	P11	Retained; current scenarios/postgres/01-basics/atomicity.yaml:21
C0441	base	scenarios/postgres/01-basics/atomicity.yaml:24	note	…but debiting alice violates the CHECK constraint — she only has 100.	P11	Retained; current scenarios/postgres/01-basics/atomicity.yaml:23
C0442	base	scenarios/postgres/01-basics/atomicity.yaml:25	A.fails	UPDATE accounts SET balance = balance - 150 WHERE owner = 'alice'	P11	Retained; current scenarios/postgres/01-basics/atomicity.yaml:24
C0443	base	scenarios/postgres/01-basics/atomicity.yaml:26	error	"""23514"""	P11	Retained; current scenarios/postgres/01-basics/atomicity.yaml:25
C0444	base	scenarios/postgres/01-basics/atomicity.yaml:27	comment	check_violation	P11	Retained; current scenarios/postgres/01-basics/atomicity.yaml:26
C0445	base	scenarios/postgres/01-basics/atomicity.yaml:28	tl	debit alice −150	P11	Retained; current scenarios/postgres/01-basics/atomicity.yaml:27
C0446	base	scenarios/postgres/01-basics/atomicity.yaml:30	note	The failed transaction can only be rolled back. Bob's credit — which had succeeded — evaporates with it.	P11	Replaced or removed; resolved current scenarios/postgres/01-basics/atomicity.yaml (note); see corresponding current units and audit decisions
C0447	base	scenarios/postgres/01-basics/atomicity.yaml:33	A	ROLLBACK	P11	Retained; current scenarios/postgres/01-basics/atomicity.yaml:32
C0448	base	scenarios/postgres/01-basics/atomicity.yaml:34	tl	ROLLBACK ← bob's credit vanishes too	P11	Retained; current scenarios/postgres/01-basics/atomicity.yaml:33
C0449	base	scenarios/postgres/01-basics/atomicity.yaml:36	B	SELECT owner, balance FROM accounts ORDER BY id	P11	Retained; current scenarios/postgres/01-basics/atomicity.yaml:35
C0450	base	scenarios/postgres/01-basics/atomicity.yaml:37	expect	- { owner: alice, balance: 100 } - { owner: bob, balance: 50 }	P11	Retained; current scenarios/postgres/01-basics/atomicity.yaml:36
C0451	base	scenarios/postgres/01-basics/atomicity.yaml:40	tl	SELECT → alice 100, bob 50 ← nothing changed	P11	Retained; current scenarios/postgres/01-basics/atomicity.yaml:39
C0452	current	scenarios/postgres/01-basics/atomicity.yaml:1	title	"""Atomicity: rollback removes the partial transfer"""	P11	Demonstrated schedule explanation
C0453	current	scenarios/postgres/01-basics/atomicity.yaml:2	claim	In this explicit transaction, a CHECK violation follows a successful credit; after ROLLBACK, both balances retain their original values.	P11	Demonstrated schedule explanation
C0454	current	scenarios/postgres/01-basics/atomicity.yaml:4	setup	CREATE TABLE accounts ( id      int PRIMARY KEY, owner   text NOT NULL, balance int NOT NULL CHECK (balance >= 0) ); INSERT INTO accounts VALUES (1, 'alice', 100), (2, 'bob', 50);	P11	Executed SQL/assertion
C0455	current	scenarios/postgres/01-basics/atomicity.yaml:13	note	A transfers 150 from alice to bob. Crediting bob works fine…	P11	Demonstrated schedule explanation
C0456	current	scenarios/postgres/01-basics/atomicity.yaml:14	A	BEGIN ISOLATION LEVEL READ COMMITTED	P11	Executed SQL/assertion
C0457	current	scenarios/postgres/01-basics/atomicity.yaml:15	A	UPDATE accounts SET balance = balance + 150 WHERE owner = 'bob'	P11	Executed SQL/assertion
C0458	current	scenarios/postgres/01-basics/atomicity.yaml:16	tl	credit bob +150 (uncommitted)	P11	Demonstrated schedule explanation
C0459	current	scenarios/postgres/01-basics/atomicity.yaml:18	B	SELECT balance FROM accounts WHERE owner = 'bob'	P11	Executed SQL/assertion
C0460	current	scenarios/postgres/01-basics/atomicity.yaml:19	expect	[{ balance: 50 }]	P11	Executed SQL/assertion
C0461	current	scenarios/postgres/01-basics/atomicity.yaml:20	comment	B can't see A's uncommitted credit	P11	Demonstrated schedule explanation
C0462	current	scenarios/postgres/01-basics/atomicity.yaml:21	tl	SELECT bob → 50 ← A's credit is invisible	P11	Demonstrated schedule explanation
C0463	current	scenarios/postgres/01-basics/atomicity.yaml:23	note	…but debiting alice violates the CHECK constraint — she only has 100.	P11	Demonstrated schedule explanation
C0464	current	scenarios/postgres/01-basics/atomicity.yaml:24	A.fails	UPDATE accounts SET balance = balance - 150 WHERE owner = 'alice'	P11	Executed SQL/assertion
C0465	current	scenarios/postgres/01-basics/atomicity.yaml:25	error	"""23514"""	P11	Executed SQL/assertion
C0466	current	scenarios/postgres/01-basics/atomicity.yaml:26	comment	check_violation	P11	Demonstrated schedule explanation
C0467	current	scenarios/postgres/01-basics/atomicity.yaml:27	tl	debit alice −150	P11	Demonstrated schedule explanation
C0468	current	scenarios/postgres/01-basics/atomicity.yaml:29	note	This run uses full ROLLBACK after the CHECK violation. Bob's earlier credit is undone along with the failed transfer.	P11	Demonstrated schedule explanation
C0469	current	scenarios/postgres/01-basics/atomicity.yaml:32	A	ROLLBACK	P11	Executed SQL/assertion
C0470	current	scenarios/postgres/01-basics/atomicity.yaml:33	tl	ROLLBACK ← bob's credit vanishes too	P11	Demonstrated schedule explanation
C0471	current	scenarios/postgres/01-basics/atomicity.yaml:35	B	SELECT owner, balance FROM accounts ORDER BY id	P11	Executed SQL/assertion
C0472	current	scenarios/postgres/01-basics/atomicity.yaml:36	expect	- { owner: alice, balance: 100 } - { owner: bob, balance: 50 }	P11	Executed SQL/assertion
C0473	current	scenarios/postgres/01-basics/atomicity.yaml:39	tl	SELECT → alice 100, bob 50 ← nothing changed	P11	Demonstrated schedule explanation
C0474	base	scenarios/postgres/01-basics/autocommit-visibility.yaml:1	title	Autocommit and visibility	P12	Replaced or removed; resolved current scenarios/postgres/01-basics/autocommit-visibility.yaml (title); see corresponding current units and audit decisions
C0475	base	scenarios/postgres/01-basics/autocommit-visibility.yaml:2	claim	Without BEGIN, every statement commits instantly and is immediately visible to everyone; inside BEGIN, changes stay private until COMMIT.	P12	Replaced or removed; resolved current scenarios/postgres/01-basics/autocommit-visibility.yaml (claim); see corresponding current units and audit decisions
C0476	base	scenarios/postgres/01-basics/autocommit-visibility.yaml:5	setup	CREATE TABLE accounts (id int PRIMARY KEY, owner text NOT NULL, balance int NOT NULL); INSERT INTO accounts VALUES (1, 'alice', 100);	P12	Retained; current scenarios/postgres/01-basics/autocommit-visibility.yaml:4
C0477	base	scenarios/postgres/01-basics/autocommit-visibility.yaml:10	note	No BEGIN — the UPDATE is its own transaction, committed the instant it finishes.	P12	Replaced or removed; resolved current scenarios/postgres/01-basics/autocommit-visibility.yaml (note); see corresponding current units and audit decisions
C0478	base	scenarios/postgres/01-basics/autocommit-visibility.yaml:11	A	UPDATE accounts SET balance = 150 WHERE id = 1	P12	Retained; current scenarios/postgres/01-basics/autocommit-visibility.yaml:10
C0479	base	scenarios/postgres/01-basics/autocommit-visibility.yaml:12	tl	UPDATE balance = 150 (autocommit, committed at once)	P12	Retained; current scenarios/postgres/01-basics/autocommit-visibility.yaml:11
C0480	base	scenarios/postgres/01-basics/autocommit-visibility.yaml:14	B	SELECT balance FROM accounts WHERE id = 1	P12	Retained; current scenarios/postgres/01-basics/autocommit-visibility.yaml:13
C0481	base	scenarios/postgres/01-basics/autocommit-visibility.yaml:15	expect	[{ balance: 150 }]	P12	Retained; current scenarios/postgres/01-basics/autocommit-visibility.yaml:14
C0482	base	scenarios/postgres/01-basics/autocommit-visibility.yaml:16	comment	B sees it immediately	P12	Retained; current scenarios/postgres/01-basics/autocommit-visibility.yaml:15
C0483	base	scenarios/postgres/01-basics/autocommit-visibility.yaml:17	tl	SELECT → 150 ← visible right away	P12	Retained; current scenarios/postgres/01-basics/autocommit-visibility.yaml:16
C0484	base	scenarios/postgres/01-basics/autocommit-visibility.yaml:19	note	Inside an explicit transaction, A's change is invisible to B…	P12	Retained; current scenarios/postgres/01-basics/autocommit-visibility.yaml:18
C0485	base	scenarios/postgres/01-basics/autocommit-visibility.yaml:20	A	BEGIN	P12	Replaced or removed; resolved current scenarios/postgres/01-basics/autocommit-visibility.yaml (A); see corresponding current units and audit decisions
C0486	base	scenarios/postgres/01-basics/autocommit-visibility.yaml:21	A	UPDATE accounts SET balance = 999 WHERE id = 1	P12	Retained; current scenarios/postgres/01-basics/autocommit-visibility.yaml:20
C0487	base	scenarios/postgres/01-basics/autocommit-visibility.yaml:22	tl	UPDATE balance = 999 (uncommitted)	P12	Retained; current scenarios/postgres/01-basics/autocommit-visibility.yaml:21
C0488	base	scenarios/postgres/01-basics/autocommit-visibility.yaml:24	B	SELECT balance FROM accounts WHERE id = 1	P12	Retained; current scenarios/postgres/01-basics/autocommit-visibility.yaml:13
C0489	base	scenarios/postgres/01-basics/autocommit-visibility.yaml:25	expect	[{ balance: 150 }]	P12	Retained; current scenarios/postgres/01-basics/autocommit-visibility.yaml:14
C0490	base	scenarios/postgres/01-basics/autocommit-visibility.yaml:26	comment	still the old value	P12	Retained; current scenarios/postgres/01-basics/autocommit-visibility.yaml:25
C0491	base	scenarios/postgres/01-basics/autocommit-visibility.yaml:27	tl	SELECT → 150 ← still the old value	P12	Retained; current scenarios/postgres/01-basics/autocommit-visibility.yaml:26
C0492	base	scenarios/postgres/01-basics/autocommit-visibility.yaml:29	note	…until A commits.	P12	Retained; current scenarios/postgres/01-basics/autocommit-visibility.yaml:28
C0493	base	scenarios/postgres/01-basics/autocommit-visibility.yaml:30	A	COMMIT	P12	Retained; current scenarios/postgres/01-basics/autocommit-visibility.yaml:29
C0494	base	scenarios/postgres/01-basics/autocommit-visibility.yaml:31	tl	COMMIT	P12	Retained; current scenarios/postgres/01-basics/autocommit-visibility.yaml:30
C0495	base	scenarios/postgres/01-basics/autocommit-visibility.yaml:33	B	SELECT balance FROM accounts WHERE id = 1	P12	Retained; current scenarios/postgres/01-basics/autocommit-visibility.yaml:13
C0496	base	scenarios/postgres/01-basics/autocommit-visibility.yaml:34	expect	[{ balance: 999 }]	P12	Retained; current scenarios/postgres/01-basics/autocommit-visibility.yaml:33
C0497	base	scenarios/postgres/01-basics/autocommit-visibility.yaml:35	tl	SELECT → 999 ← now B sees it	P12	Retained; current scenarios/postgres/01-basics/autocommit-visibility.yaml:34
C0498	current	scenarios/postgres/01-basics/autocommit-visibility.yaml:1	title	Autocommit and READ COMMITTED visibility	P12	Demonstrated schedule explanation
C0499	current	scenarios/postgres/01-basics/autocommit-visibility.yaml:2	claim	B sees A's successful autocommit UPDATE in its next plain SELECT at READ COMMITTED; an explicit transaction's UPDATE becomes visible to B only after COMMIT.	P12	Demonstrated schedule explanation
C0500	current	scenarios/postgres/01-basics/autocommit-visibility.yaml:4	setup	CREATE TABLE accounts (id int PRIMARY KEY, owner text NOT NULL, balance int NOT NULL); INSERT INTO accounts VALUES (1, 'alice', 100);	P12	Executed SQL/assertion
C0501	current	scenarios/postgres/01-basics/autocommit-visibility.yaml:9	note	"""No BEGIN: this successful UPDATE commits as its own transaction before the next SELECT."""	P12	Demonstrated schedule explanation
C0502	current	scenarios/postgres/01-basics/autocommit-visibility.yaml:10	A	UPDATE accounts SET balance = 150 WHERE id = 1	P12	Executed SQL/assertion
C0503	current	scenarios/postgres/01-basics/autocommit-visibility.yaml:11	tl	UPDATE balance = 150 (autocommit, committed at once)	P12	Demonstrated schedule explanation
C0504	current	scenarios/postgres/01-basics/autocommit-visibility.yaml:13	B	SELECT balance FROM accounts WHERE id = 1	P12	Executed SQL/assertion
C0505	current	scenarios/postgres/01-basics/autocommit-visibility.yaml:14	expect	[{ balance: 150 }]	P12	Executed SQL/assertion
C0506	current	scenarios/postgres/01-basics/autocommit-visibility.yaml:15	comment	B sees it immediately	P12	Demonstrated schedule explanation
C0507	current	scenarios/postgres/01-basics/autocommit-visibility.yaml:16	tl	SELECT → 150 ← visible right away	P12	Demonstrated schedule explanation
C0508	current	scenarios/postgres/01-basics/autocommit-visibility.yaml:18	note	Inside an explicit transaction, A's change is invisible to B…	P12	Demonstrated schedule explanation
C0509	current	scenarios/postgres/01-basics/autocommit-visibility.yaml:19	A	BEGIN ISOLATION LEVEL READ COMMITTED	P12	Executed SQL/assertion
C0510	current	scenarios/postgres/01-basics/autocommit-visibility.yaml:20	A	UPDATE accounts SET balance = 999 WHERE id = 1	P12	Executed SQL/assertion
C0511	current	scenarios/postgres/01-basics/autocommit-visibility.yaml:21	tl	UPDATE balance = 999 (uncommitted)	P12	Demonstrated schedule explanation
C0512	current	scenarios/postgres/01-basics/autocommit-visibility.yaml:23	B	SELECT balance FROM accounts WHERE id = 1	P12	Executed SQL/assertion
C0513	current	scenarios/postgres/01-basics/autocommit-visibility.yaml:24	expect	[{ balance: 150 }]	P12	Executed SQL/assertion
C0514	current	scenarios/postgres/01-basics/autocommit-visibility.yaml:25	comment	still the old value	P12	Demonstrated schedule explanation
C0515	current	scenarios/postgres/01-basics/autocommit-visibility.yaml:26	tl	SELECT → 150 ← still the old value	P12	Demonstrated schedule explanation
C0516	current	scenarios/postgres/01-basics/autocommit-visibility.yaml:28	note	…until A commits.	P12	Demonstrated schedule explanation
C0517	current	scenarios/postgres/01-basics/autocommit-visibility.yaml:29	A	COMMIT	P12	Executed SQL/assertion
C0518	current	scenarios/postgres/01-basics/autocommit-visibility.yaml:30	tl	COMMIT	P12	Demonstrated schedule explanation
C0519	current	scenarios/postgres/01-basics/autocommit-visibility.yaml:32	B	SELECT balance FROM accounts WHERE id = 1	P12	Executed SQL/assertion
C0520	current	scenarios/postgres/01-basics/autocommit-visibility.yaml:33	expect	[{ balance: 999 }]	P12	Executed SQL/assertion
C0521	current	scenarios/postgres/01-basics/autocommit-visibility.yaml:34	tl	SELECT → 999 ← now B sees it	P12	Demonstrated schedule explanation
C0522	current	scenarios/postgres/01-basics/autocommit-visibility.yaml:36	note	A failed autocommit statement does not leave the next statement in a failed transaction.	P12	Demonstrated schedule explanation
C0523	current	scenarios/postgres/01-basics/autocommit-visibility.yaml:37	A.fails	SELECT 1 / 0	P12	Executed SQL/assertion
C0524	current	scenarios/postgres/01-basics/autocommit-visibility.yaml:38	error	"""22012"""	P12	Executed SQL/assertion
C0525	current	scenarios/postgres/01-basics/autocommit-visibility.yaml:39	A	SELECT 1 AS recovered	P12	Executed SQL/assertion
C0526	current	scenarios/postgres/01-basics/autocommit-visibility.yaml:40	expect	[{ recovered: 1 }]	P12	Executed SQL/assertion
C0527	base	scenarios/postgres/01-basics/ddl-rollback.yaml:1	title	ROLLBACK undoes DDL too	P13	Replaced or removed; resolved current scenarios/postgres/01-basics/ddl-rollback.yaml (title); see corresponding current units and audit decisions
C0528	base	scenarios/postgres/01-basics/ddl-rollback.yaml:2	claim	Ordinary DDL participates in the transaction like any other statement: a CREATE INDEX and a CREATE TABLE stay invisible until COMMIT, and a ROLLBACK removes the schema they created along with the rows.	P13	Replaced or removed; resolved current scenarios/postgres/01-basics/ddl-rollback.yaml (claim); see corresponding current units and audit decisions
C0529	base	scenarios/postgres/01-basics/ddl-rollback.yaml:6	setup	CREATE TABLE orders (id int PRIMARY KEY, state text NOT NULL);	P13	Retained; current scenarios/postgres/01-basics/ddl-rollback.yaml:4
C0530	base	scenarios/postgres/01-basics/ddl-rollback.yaml:10	note	A migration script wraps its work in a transaction, believing that makes it atomic: insert data, add an index, create a table — and if anything fails, roll back.	P13	Retained; current scenarios/postgres/01-basics/ddl-rollback.yaml:8
C0531	base	scenarios/postgres/01-basics/ddl-rollback.yaml:14	A	BEGIN	P13	Replaced or removed; resolved current scenarios/postgres/01-basics/ddl-rollback.yaml (A); see corresponding current units and audit decisions
C0532	base	scenarios/postgres/01-basics/ddl-rollback.yaml:15	A	INSERT INTO orders VALUES (1, 'draft')	P13	Retained; current scenarios/postgres/01-basics/ddl-rollback.yaml:13
C0533	base	scenarios/postgres/01-basics/ddl-rollback.yaml:16	B	SELECT count(*)::int AS visible FROM orders	P13	Retained; current scenarios/postgres/01-basics/ddl-rollback.yaml:14
C0534	base	scenarios/postgres/01-basics/ddl-rollback.yaml:17	expect	[{ visible: 0 }]	P13	Retained; current scenarios/postgres/01-basics/ddl-rollback.yaml:15
C0535	base	scenarios/postgres/01-basics/ddl-rollback.yaml:18	comment	uncommitted, invisible — so far so good	P13	Retained; current scenarios/postgres/01-basics/ddl-rollback.yaml:16
C0536	base	scenarios/postgres/01-basics/ddl-rollback.yaml:20	A	CREATE INDEX idx_orders_state ON orders (state)	P13	Retained; current scenarios/postgres/01-basics/ddl-rollback.yaml:18
C0537	base	scenarios/postgres/01-basics/ddl-rollback.yaml:21	comment	DDL — on MySQL this is where the implicit COMMIT would fire	P13	Retained; current scenarios/postgres/01-basics/ddl-rollback.yaml:19
C0538	base	scenarios/postgres/01-basics/ddl-rollback.yaml:22	A	CREATE TABLE migration_log (id int PRIMARY KEY, note text)	P13	Retained; current scenarios/postgres/01-basics/ddl-rollback.yaml:20
C0539	base	scenarios/postgres/01-basics/ddl-rollback.yaml:24	B	SELECT count(*)::int AS visible FROM orders	P13	Retained; current scenarios/postgres/01-basics/ddl-rollback.yaml:14
C0540	base	scenarios/postgres/01-basics/ddl-rollback.yaml:25	expect	[{ visible: 0 }]	P13	Retained; current scenarios/postgres/01-basics/ddl-rollback.yaml:15
C0541	base	scenarios/postgres/01-basics/ddl-rollback.yaml:26	comment	still nothing committed — the DDL joined the transaction	P13	Retained; current scenarios/postgres/01-basics/ddl-rollback.yaml:28
C0542	base	scenarios/postgres/01-basics/ddl-rollback.yaml:28	B.fails	SELECT count(*) FROM migration_log	P13	Retained; current scenarios/postgres/01-basics/ddl-rollback.yaml:30
C0543	base	scenarios/postgres/01-basics/ddl-rollback.yaml:29	error	"""42P01"""	P13	Retained; current scenarios/postgres/01-basics/ddl-rollback.yaml:31
C0544	base	scenarios/postgres/01-basics/ddl-rollback.yaml:30	comment	undefined_table — uncommitted schema is invisible, not merely empty	P13	Retained; current scenarios/postgres/01-basics/ddl-rollback.yaml:32
C0545	base	scenarios/postgres/01-basics/ddl-rollback.yaml:32	note	The script now hits an error and rolls back, trusting the transaction to clean up:	P13	Retained; current scenarios/postgres/01-basics/ddl-rollback.yaml:34
C0546	base	scenarios/postgres/01-basics/ddl-rollback.yaml:35	A	ROLLBACK	P13	Retained; current scenarios/postgres/01-basics/ddl-rollback.yaml:39
C0547	base	scenarios/postgres/01-basics/ddl-rollback.yaml:36	B	SELECT count(*)::int AS visible FROM orders	P13	Retained; current scenarios/postgres/01-basics/ddl-rollback.yaml:14
C0548	base	scenarios/postgres/01-basics/ddl-rollback.yaml:37	expect	[{ visible: 0 }]	P13	Retained; current scenarios/postgres/01-basics/ddl-rollback.yaml:15
C0549	base	scenarios/postgres/01-basics/ddl-rollback.yaml:38	comment	the row is gone	P13	Retained; current scenarios/postgres/01-basics/ddl-rollback.yaml:42
C0550	base	scenarios/postgres/01-basics/ddl-rollback.yaml:40	B	SELECT to_regclass('migration_log') IS NULL AS table_gone, to_regclass('idx_orders_state') IS NULL AS index_gone expect: [{ table_gone: true, index_gone: true }] comment: so is the table, and so is the index	P13	Retained; current scenarios/postgres/01-basics/ddl-rollback.yaml:44
C0551	base	scenarios/postgres/01-basics/ddl-rollback.yaml:46	note	PostgreSQL keeps schema changes in the same transaction as the data. A migration that inserts, indexes, and creates its way to an error leaves nothing behind — design for atomicity, not for re-runnability.	P13	Replaced or removed; resolved current scenarios/postgres/01-basics/ddl-rollback.yaml (note); see corresponding current units and audit decisions
C0552	current	scenarios/postgres/01-basics/ddl-rollback.yaml:1	title	ROLLBACK removes this table, index, and inserted row	P13	Demonstrated schedule explanation
C0553	current	scenarios/postgres/01-basics/ddl-rollback.yaml:2	claim	In this schedule, CREATE TABLE and non-concurrent CREATE INDEX do not commit the preceding INSERT; after a statement error and ROLLBACK, the inserted row, new table, and new index are absent.	P13	Demonstrated schedule explanation
C0554	current	scenarios/postgres/01-basics/ddl-rollback.yaml:4	setup	CREATE TABLE orders (id int PRIMARY KEY, state text NOT NULL);	P13	Executed SQL/assertion
C0555	current	scenarios/postgres/01-basics/ddl-rollback.yaml:8	note	A migration script wraps its work in a transaction, believing that makes it atomic: insert data, add an index, create a table — and if anything fails, roll back.	P13	Demonstrated schedule explanation
C0556	current	scenarios/postgres/01-basics/ddl-rollback.yaml:12	A	BEGIN ISOLATION LEVEL READ COMMITTED	P13	Executed SQL/assertion
C0557	current	scenarios/postgres/01-basics/ddl-rollback.yaml:13	A	INSERT INTO orders VALUES (1, 'draft')	P13	Executed SQL/assertion
C0558	current	scenarios/postgres/01-basics/ddl-rollback.yaml:14	B	SELECT count(*)::int AS visible FROM orders	P13	Executed SQL/assertion
C0559	current	scenarios/postgres/01-basics/ddl-rollback.yaml:15	expect	[{ visible: 0 }]	P13	Executed SQL/assertion
C0560	current	scenarios/postgres/01-basics/ddl-rollback.yaml:16	comment	uncommitted, invisible — so far so good	P13	Demonstrated schedule explanation
C0561	current	scenarios/postgres/01-basics/ddl-rollback.yaml:18	A	CREATE INDEX idx_orders_state ON orders (state)	P13	Executed SQL/assertion
C0562	current	scenarios/postgres/01-basics/ddl-rollback.yaml:19	comment	DDL — on MySQL this is where the implicit COMMIT would fire	P13	Demonstrated schedule explanation
C0563	current	scenarios/postgres/01-basics/ddl-rollback.yaml:20	A	CREATE TABLE migration_log (id int PRIMARY KEY, note text)	P13	Executed SQL/assertion
C0564	current	scenarios/postgres/01-basics/ddl-rollback.yaml:21	A	SELECT to_regclass('migration_log') IS NOT NULL AS table_exists, to_regclass('idx_orders_state') IS NOT NULL AS index_exists expect: [{ table_exists: true, index_exists: true }]	P13	Executed SQL/assertion
C0565	current	scenarios/postgres/01-basics/ddl-rollback.yaml:26	B	SELECT count(*)::int AS visible FROM orders	P13	Executed SQL/assertion
C0566	current	scenarios/postgres/01-basics/ddl-rollback.yaml:27	expect	[{ visible: 0 }]	P13	Executed SQL/assertion
C0567	current	scenarios/postgres/01-basics/ddl-rollback.yaml:28	comment	still nothing committed — the DDL joined the transaction	P13	Demonstrated schedule explanation
C0568	current	scenarios/postgres/01-basics/ddl-rollback.yaml:30	B.fails	SELECT count(*) FROM migration_log	P13	Executed SQL/assertion
C0569	current	scenarios/postgres/01-basics/ddl-rollback.yaml:31	error	"""42P01"""	P13	Executed SQL/assertion
C0570	current	scenarios/postgres/01-basics/ddl-rollback.yaml:32	comment	undefined_table — uncommitted schema is invisible, not merely empty	P13	Demonstrated schedule explanation
C0571	current	scenarios/postgres/01-basics/ddl-rollback.yaml:34	note	The script now hits an error and rolls back, trusting the transaction to clean up:	P13	Demonstrated schedule explanation
C0572	current	scenarios/postgres/01-basics/ddl-rollback.yaml:37	A.fails	INSERT INTO orders VALUES (1, 'duplicate')	P13	Executed SQL/assertion
C0573	current	scenarios/postgres/01-basics/ddl-rollback.yaml:38	error	"""23505"""	P13	Executed SQL/assertion
C0574	current	scenarios/postgres/01-basics/ddl-rollback.yaml:39	A	ROLLBACK	P13	Executed SQL/assertion
C0575	current	scenarios/postgres/01-basics/ddl-rollback.yaml:40	B	SELECT count(*)::int AS visible FROM orders	P13	Executed SQL/assertion
C0576	current	scenarios/postgres/01-basics/ddl-rollback.yaml:41	expect	[{ visible: 0 }]	P13	Executed SQL/assertion
C0577	current	scenarios/postgres/01-basics/ddl-rollback.yaml:42	comment	the row is gone	P13	Demonstrated schedule explanation
C0578	current	scenarios/postgres/01-basics/ddl-rollback.yaml:44	B	SELECT to_regclass('migration_log') IS NULL AS table_gone, to_regclass('idx_orders_state') IS NULL AS index_gone expect: [{ table_gone: true, index_gone: true }] comment: so is the table, and so is the index	P13	Executed SQL/assertion
C0579	current	scenarios/postgres/01-basics/ddl-rollback.yaml:50	note	This rollback removed the INSERT, the non-concurrent index, and the new table. It does not test all DDL or external migration effects.	P13	Demonstrated schedule explanation
C0580	base	scenarios/postgres/01-basics/savepoint-nesting.yaml:1	title	Nested savepoints and RELEASE	P14	Retained; current scenarios/postgres/01-basics/savepoint-nesting.yaml:1
C0581	base	scenarios/postgres/01-basics/savepoint-nesting.yaml:2	claim	Rolling back to an outer savepoint discards inner savepoints along with their work; RELEASE keeps the changes but forfeits the rollback point.	P14	Replaced or removed; resolved current scenarios/postgres/01-basics/savepoint-nesting.yaml (claim); see corresponding current units and audit decisions
C0582	base	scenarios/postgres/01-basics/savepoint-nesting.yaml:5	setup	CREATE TABLE steps (n int PRIMARY KEY);	P14	Retained; current scenarios/postgres/01-basics/savepoint-nesting.yaml:4
C0583	base	scenarios/postgres/01-basics/savepoint-nesting.yaml:9	A	BEGIN	P14	Replaced or removed; resolved current scenarios/postgres/01-basics/savepoint-nesting.yaml (A); see corresponding current units and audit decisions
C0584	base	scenarios/postgres/01-basics/savepoint-nesting.yaml:10	A	INSERT INTO steps VALUES (1)	P14	Retained; current scenarios/postgres/01-basics/savepoint-nesting.yaml:9
C0585	base	scenarios/postgres/01-basics/savepoint-nesting.yaml:11	A	SAVEPOINT outer_sp	P14	Retained; current scenarios/postgres/01-basics/savepoint-nesting.yaml:10
C0586	base	scenarios/postgres/01-basics/savepoint-nesting.yaml:12	A	INSERT INTO steps VALUES (2)	P14	Retained; current scenarios/postgres/01-basics/savepoint-nesting.yaml:11
C0587	base	scenarios/postgres/01-basics/savepoint-nesting.yaml:13	A	SAVEPOINT inner_sp	P14	Retained; current scenarios/postgres/01-basics/savepoint-nesting.yaml:12
C0588	base	scenarios/postgres/01-basics/savepoint-nesting.yaml:14	A	INSERT INTO steps VALUES (3)	P14	Retained; current scenarios/postgres/01-basics/savepoint-nesting.yaml:13
C0589	base	scenarios/postgres/01-basics/savepoint-nesting.yaml:16	note	Rolling back to the OUTER savepoint discards rows 2 and 3 — and inner_sp itself.	P14	Retained; current scenarios/postgres/01-basics/savepoint-nesting.yaml:15
C0590	base	scenarios/postgres/01-basics/savepoint-nesting.yaml:17	A	ROLLBACK TO SAVEPOINT outer_sp	P14	Retained; current scenarios/postgres/01-basics/savepoint-nesting.yaml:16
C0591	base	scenarios/postgres/01-basics/savepoint-nesting.yaml:19	A.fails	ROLLBACK TO SAVEPOINT inner_sp	P14	Retained; current scenarios/postgres/01-basics/savepoint-nesting.yaml:18
C0592	base	scenarios/postgres/01-basics/savepoint-nesting.yaml:20	error	"""3B001"""	P14	Retained; current scenarios/postgres/01-basics/savepoint-nesting.yaml:19
C0593	base	scenarios/postgres/01-basics/savepoint-nesting.yaml:21	comment	no such savepoint — it was destroyed by the outer rollback	P14	Retained; current scenarios/postgres/01-basics/savepoint-nesting.yaml:20
C0594	base	scenarios/postgres/01-basics/savepoint-nesting.yaml:23	A	ROLLBACK TO SAVEPOINT outer_sp	P14	Retained; current scenarios/postgres/01-basics/savepoint-nesting.yaml:16
C0595	base	scenarios/postgres/01-basics/savepoint-nesting.yaml:24	comment	recover from that error, same trick as before	P14	Retained; current scenarios/postgres/01-basics/savepoint-nesting.yaml:23
C0596	base	scenarios/postgres/01-basics/savepoint-nesting.yaml:26	note	RELEASE keeps the work done after the savepoint, but you can no longer rewind to it.	P14	Retained; current scenarios/postgres/01-basics/savepoint-nesting.yaml:25
C0597	base	scenarios/postgres/01-basics/savepoint-nesting.yaml:27	A	INSERT INTO steps VALUES (4)	P14	Retained; current scenarios/postgres/01-basics/savepoint-nesting.yaml:26
C0598	base	scenarios/postgres/01-basics/savepoint-nesting.yaml:28	A	RELEASE SAVEPOINT outer_sp	P14	Retained; current scenarios/postgres/01-basics/savepoint-nesting.yaml:27
C0599	base	scenarios/postgres/01-basics/savepoint-nesting.yaml:29	A	COMMIT	P14	Retained; current scenarios/postgres/01-basics/savepoint-nesting.yaml:33
C0600	base	scenarios/postgres/01-basics/savepoint-nesting.yaml:31	A	SELECT n FROM steps ORDER BY n	P14	Retained; current scenarios/postgres/01-basics/savepoint-nesting.yaml:35
C0601	base	scenarios/postgres/01-basics/savepoint-nesting.yaml:32	expect	[{ n: 1 }, { n: 4 }]	P14	Retained; current scenarios/postgres/01-basics/savepoint-nesting.yaml:36
C0602	current	scenarios/postgres/01-basics/savepoint-nesting.yaml:1	title	Nested savepoints and RELEASE	P14	Demonstrated schedule explanation
C0603	current	scenarios/postgres/01-basics/savepoint-nesting.yaml:2	claim	Rolling back to outer_sp removes the later rows and inner_sp; RELEASE outer_sp retains row 4, and COMMIT preserves rows 1 and 4.	P14	Demonstrated schedule explanation
C0604	current	scenarios/postgres/01-basics/savepoint-nesting.yaml:4	setup	CREATE TABLE steps (n int PRIMARY KEY);	P14	Executed SQL/assertion
C0605	current	scenarios/postgres/01-basics/savepoint-nesting.yaml:8	A	BEGIN ISOLATION LEVEL READ COMMITTED	P14	Executed SQL/assertion
C0606	current	scenarios/postgres/01-basics/savepoint-nesting.yaml:9	A	INSERT INTO steps VALUES (1)	P14	Executed SQL/assertion
C0607	current	scenarios/postgres/01-basics/savepoint-nesting.yaml:10	A	SAVEPOINT outer_sp	P14	Executed SQL/assertion
C0608	current	scenarios/postgres/01-basics/savepoint-nesting.yaml:11	A	INSERT INTO steps VALUES (2)	P14	Executed SQL/assertion
C0609	current	scenarios/postgres/01-basics/savepoint-nesting.yaml:12	A	SAVEPOINT inner_sp	P14	Executed SQL/assertion
C0610	current	scenarios/postgres/01-basics/savepoint-nesting.yaml:13	A	INSERT INTO steps VALUES (3)	P14	Executed SQL/assertion
C0611	current	scenarios/postgres/01-basics/savepoint-nesting.yaml:15	note	Rolling back to the OUTER savepoint discards rows 2 and 3 — and inner_sp itself.	P14	Demonstrated schedule explanation
C0612	current	scenarios/postgres/01-basics/savepoint-nesting.yaml:16	A	ROLLBACK TO SAVEPOINT outer_sp	P14	Executed SQL/assertion
C0613	current	scenarios/postgres/01-basics/savepoint-nesting.yaml:18	A.fails	ROLLBACK TO SAVEPOINT inner_sp	P14	Executed SQL/assertion
C0614	current	scenarios/postgres/01-basics/savepoint-nesting.yaml:19	error	"""3B001"""	P14	Executed SQL/assertion
C0615	current	scenarios/postgres/01-basics/savepoint-nesting.yaml:20	comment	no such savepoint — it was destroyed by the outer rollback	P14	Demonstrated schedule explanation
C0616	current	scenarios/postgres/01-basics/savepoint-nesting.yaml:22	A	ROLLBACK TO SAVEPOINT outer_sp	P14	Executed SQL/assertion
C0617	current	scenarios/postgres/01-basics/savepoint-nesting.yaml:23	comment	recover from that error, same trick as before	P14	Demonstrated schedule explanation
C0618	current	scenarios/postgres/01-basics/savepoint-nesting.yaml:25	note	RELEASE keeps the work done after the savepoint, but you can no longer rewind to it.	P14	Demonstrated schedule explanation
C0619	current	scenarios/postgres/01-basics/savepoint-nesting.yaml:26	A	INSERT INTO steps VALUES (4)	P14	Executed SQL/assertion
C0620	current	scenarios/postgres/01-basics/savepoint-nesting.yaml:27	A	RELEASE SAVEPOINT outer_sp	P14	Executed SQL/assertion
C0621	current	scenarios/postgres/01-basics/savepoint-nesting.yaml:28	A	SAVEPOINT after_release	P14	Executed SQL/assertion
C0622	current	scenarios/postgres/01-basics/savepoint-nesting.yaml:29	A.fails	ROLLBACK TO SAVEPOINT outer_sp	P14	Executed SQL/assertion
C0623	current	scenarios/postgres/01-basics/savepoint-nesting.yaml:30	error	"""3B001"""	P14	Executed SQL/assertion
C0624	current	scenarios/postgres/01-basics/savepoint-nesting.yaml:31	comment	RELEASE removed outer_sp; recover using the newer savepoint	P14	Demonstrated schedule explanation
C0625	current	scenarios/postgres/01-basics/savepoint-nesting.yaml:32	A	ROLLBACK TO SAVEPOINT after_release	P14	Executed SQL/assertion
C0626	current	scenarios/postgres/01-basics/savepoint-nesting.yaml:33	A	COMMIT	P14	Executed SQL/assertion
C0627	current	scenarios/postgres/01-basics/savepoint-nesting.yaml:35	A	SELECT n FROM steps ORDER BY n	P14	Executed SQL/assertion
C0628	current	scenarios/postgres/01-basics/savepoint-nesting.yaml:36	expect	[{ n: 1 }, { n: 4 }]	P14	Executed SQL/assertion
C0629	base	scenarios/postgres/01-basics/savepoint-recovery.yaml:1	title	"""Savepoints: recover from errors mid-transaction"""	P15	Replaced or removed; resolved current scenarios/postgres/01-basics/savepoint-recovery.yaml (title); see corresponding current units and audit decisions
C0630	base	scenarios/postgres/01-basics/savepoint-recovery.yaml:2	claim	ROLLBACK TO SAVEPOINT un-aborts a failed transaction, discarding only the work done after the savepoint — the rest commits normally.	P15	Replaced or removed; resolved current scenarios/postgres/01-basics/savepoint-recovery.yaml (claim); see corresponding current units and audit decisions
C0631	base	scenarios/postgres/01-basics/savepoint-recovery.yaml:5	setup	CREATE TABLE items (id int PRIMARY KEY, name text NOT NULL UNIQUE); INSERT INTO items VALUES (1, 'widget');	P15	Retained; current scenarios/postgres/01-basics/savepoint-recovery.yaml:4
C0632	base	scenarios/postgres/01-basics/savepoint-recovery.yaml:10	A	BEGIN	P15	Replaced or removed; resolved current scenarios/postgres/01-basics/savepoint-recovery.yaml (A); see corresponding current units and audit decisions
C0633	base	scenarios/postgres/01-basics/savepoint-recovery.yaml:11	A	INSERT INTO items VALUES (2, 'gadget')	P15	Retained; current scenarios/postgres/01-basics/savepoint-recovery.yaml:10
C0634	base	scenarios/postgres/01-basics/savepoint-recovery.yaml:12	A	SAVEPOINT before_risky	P15	Retained; current scenarios/postgres/01-basics/savepoint-recovery.yaml:11
C0635	base	scenarios/postgres/01-basics/savepoint-recovery.yaml:14	A.fails	INSERT INTO items VALUES (3, 'widget')	P15	Retained; current scenarios/postgres/01-basics/savepoint-recovery.yaml:13
C0636	base	scenarios/postgres/01-basics/savepoint-recovery.yaml:15	error	"""23505"""	P15	Retained; current scenarios/postgres/01-basics/savepoint-recovery.yaml:14
C0637	base	scenarios/postgres/01-basics/savepoint-recovery.yaml:16	comment	unique_violation — the transaction is aborted	P15	Retained; current scenarios/postgres/01-basics/savepoint-recovery.yaml:15
C0638	base	scenarios/postgres/01-basics/savepoint-recovery.yaml:18	note	Without the savepoint this transaction would be doomed. With it, we rewind past the failure and carry on.	P15	Retained; current scenarios/postgres/01-basics/savepoint-recovery.yaml:17
C0639	base	scenarios/postgres/01-basics/savepoint-recovery.yaml:21	A	ROLLBACK TO SAVEPOINT before_risky	P15	Retained; current scenarios/postgres/01-basics/savepoint-recovery.yaml:20
C0640	base	scenarios/postgres/01-basics/savepoint-recovery.yaml:22	A	INSERT INTO items VALUES (3, 'doohickey')	P15	Retained; current scenarios/postgres/01-basics/savepoint-recovery.yaml:21
C0641	base	scenarios/postgres/01-basics/savepoint-recovery.yaml:23	A	COMMIT	P15	Retained; current scenarios/postgres/01-basics/savepoint-recovery.yaml:22
C0642	base	scenarios/postgres/01-basics/savepoint-recovery.yaml:25	A	SELECT id, name FROM items ORDER BY id	P15	Retained; current scenarios/postgres/01-basics/savepoint-recovery.yaml:24
C0643	base	scenarios/postgres/01-basics/savepoint-recovery.yaml:26	expect	- { id: 1, name: widget } - { id: 2, name: gadget } - { id: 3, name: doohickey }	P15	Retained; current scenarios/postgres/01-basics/savepoint-recovery.yaml:25
C0644	base	scenarios/postgres/01-basics/savepoint-recovery.yaml:30	comment	survived — it predates the savepoint	P15	Retained; current scenarios/postgres/01-basics/savepoint-recovery.yaml:29
C0645	current	scenarios/postgres/01-basics/savepoint-recovery.yaml:1	title	"""Savepoints: recover from a uniqueness error"""	P15	Demonstrated schedule explanation
C0646	current	scenarios/postgres/01-basics/savepoint-recovery.yaml:2	claim	ROLLBACK TO the savepoint recovers from this uniqueness violation; the earlier INSERT and a later replacement INSERT commit successfully.	P15	Demonstrated schedule explanation
C0647	current	scenarios/postgres/01-basics/savepoint-recovery.yaml:4	setup	CREATE TABLE items (id int PRIMARY KEY, name text NOT NULL UNIQUE); INSERT INTO items VALUES (1, 'widget');	P15	Executed SQL/assertion
C0648	current	scenarios/postgres/01-basics/savepoint-recovery.yaml:9	A	BEGIN ISOLATION LEVEL READ COMMITTED	P15	Executed SQL/assertion
C0649	current	scenarios/postgres/01-basics/savepoint-recovery.yaml:10	A	INSERT INTO items VALUES (2, 'gadget')	P15	Executed SQL/assertion
C0650	current	scenarios/postgres/01-basics/savepoint-recovery.yaml:11	A	SAVEPOINT before_risky	P15	Executed SQL/assertion
C0651	current	scenarios/postgres/01-basics/savepoint-recovery.yaml:13	A.fails	INSERT INTO items VALUES (3, 'widget')	P15	Executed SQL/assertion
C0652	current	scenarios/postgres/01-basics/savepoint-recovery.yaml:14	error	"""23505"""	P15	Executed SQL/assertion
C0653	current	scenarios/postgres/01-basics/savepoint-recovery.yaml:15	comment	unique_violation — the transaction is aborted	P15	Demonstrated schedule explanation
C0654	current	scenarios/postgres/01-basics/savepoint-recovery.yaml:17	note	Without the savepoint this transaction would be doomed. With it, we rewind past the failure and carry on.	P15	Demonstrated schedule explanation
C0655	current	scenarios/postgres/01-basics/savepoint-recovery.yaml:20	A	ROLLBACK TO SAVEPOINT before_risky	P15	Executed SQL/assertion
C0656	current	scenarios/postgres/01-basics/savepoint-recovery.yaml:21	A	INSERT INTO items VALUES (3, 'doohickey')	P15	Executed SQL/assertion
C0657	current	scenarios/postgres/01-basics/savepoint-recovery.yaml:22	A	COMMIT	P15	Executed SQL/assertion
C0658	current	scenarios/postgres/01-basics/savepoint-recovery.yaml:24	A	SELECT id, name FROM items ORDER BY id	P15	Executed SQL/assertion
C0659	current	scenarios/postgres/01-basics/savepoint-recovery.yaml:25	expect	- { id: 1, name: widget } - { id: 2, name: gadget } - { id: 3, name: doohickey }	P15	Executed SQL/assertion
C0660	current	scenarios/postgres/01-basics/savepoint-recovery.yaml:29	comment	survived — it predates the savepoint	P15	Demonstrated schedule explanation
C0661	base	scenarios/postgres/02-isolation/circular-information-flow.yaml:1	title	No circular information flow	P16	Replaced or removed; resolved current scenarios/postgres/02-isolation/circular-information-flow.yaml (title); see corresponding current units and audit decisions
C0662	base	scenarios/postgres/02-isolation/circular-information-flow.yaml:2	claim	"Two concurrent transactions cannot read each other's uncommitted writes (Adya's G1c, ""circular information flow""): each sees the pre-existing value, as one serial order or the other would dictate."	P16	Replaced or removed; resolved current scenarios/postgres/02-isolation/circular-information-flow.yaml (claim); see corresponding current units and audit decisions
C0663	base	scenarios/postgres/02-isolation/circular-information-flow.yaml:6	anomaly	G1c	P16	Retained; current scenarios/postgres/02-isolation/circular-information-flow.yaml:4
C0664	base	scenarios/postgres/02-isolation/circular-information-flow.yaml:7	setup	CREATE TABLE accounts (id int PRIMARY KEY, owner text NOT NULL, balance int NOT NULL); INSERT INTO accounts VALUES (1, 'alice', 100), (2, 'bob', 100);	P16	Retained; current scenarios/postgres/02-isolation/circular-information-flow.yaml:5
C0665	base	scenarios/postgres/02-isolation/circular-information-flow.yaml:12	note	A adjusts alice's balance while B adjusts bob's — then each peeks at the other's row. If both saw the other's uncommitted write, information would flow in a circle: A → B → A. No serial order can do that.	P16	Retained; current scenarios/postgres/02-isolation/circular-information-flow.yaml:10
C0666	base	scenarios/postgres/02-isolation/circular-information-flow.yaml:16	A	BEGIN	P16	Replaced or removed; resolved current scenarios/postgres/02-isolation/circular-information-flow.yaml (A); see corresponding current units and audit decisions
C0667	base	scenarios/postgres/02-isolation/circular-information-flow.yaml:17	B	BEGIN	P16	Replaced or removed; resolved current scenarios/postgres/02-isolation/circular-information-flow.yaml (B); see corresponding current units and audit decisions
C0668	base	scenarios/postgres/02-isolation/circular-information-flow.yaml:18	A	UPDATE accounts SET balance = 111 WHERE id = 1	P16	Retained; current scenarios/postgres/02-isolation/circular-information-flow.yaml:16
C0669	base	scenarios/postgres/02-isolation/circular-information-flow.yaml:19	tl	UPDATE alice = 111 (uncommitted)	P16	Retained; current scenarios/postgres/02-isolation/circular-information-flow.yaml:17
C0670	base	scenarios/postgres/02-isolation/circular-information-flow.yaml:20	B	UPDATE accounts SET balance = 222 WHERE id = 2	P16	Retained; current scenarios/postgres/02-isolation/circular-information-flow.yaml:18
C0671	base	scenarios/postgres/02-isolation/circular-information-flow.yaml:21	tl	UPDATE bob = 222 (uncommitted)	P16	Retained; current scenarios/postgres/02-isolation/circular-information-flow.yaml:19
C0672	base	scenarios/postgres/02-isolation/circular-information-flow.yaml:23	A	SELECT balance FROM accounts WHERE id = 2	P16	Retained; current scenarios/postgres/02-isolation/circular-information-flow.yaml:21
C0673	base	scenarios/postgres/02-isolation/circular-information-flow.yaml:24	expect	[{ balance: 100 }]	P16	Retained; current scenarios/postgres/02-isolation/circular-information-flow.yaml:22
C0674	base	scenarios/postgres/02-isolation/circular-information-flow.yaml:25	comment	B's uncommitted 222 is invisible to A	P16	Retained; current scenarios/postgres/02-isolation/circular-information-flow.yaml:23
C0675	base	scenarios/postgres/02-isolation/circular-information-flow.yaml:26	tl	SELECT bob → 100 ← B's 222 invisible	P16	Retained; current scenarios/postgres/02-isolation/circular-information-flow.yaml:24
C0676	base	scenarios/postgres/02-isolation/circular-information-flow.yaml:27	B	SELECT balance FROM accounts WHERE id = 1	P16	Retained; current scenarios/postgres/02-isolation/circular-information-flow.yaml:25
C0677	base	scenarios/postgres/02-isolation/circular-information-flow.yaml:28	expect	[{ balance: 100 }]	P16	Retained; current scenarios/postgres/02-isolation/circular-information-flow.yaml:22
C0678	base	scenarios/postgres/02-isolation/circular-information-flow.yaml:29	comment	and A's uncommitted 111 is invisible to B	P16	Retained; current scenarios/postgres/02-isolation/circular-information-flow.yaml:27
C0679	base	scenarios/postgres/02-isolation/circular-information-flow.yaml:30	tl	SELECT alice → 100 ← A's 111 invisible	P16	Retained; current scenarios/postgres/02-isolation/circular-information-flow.yaml:28
C0680	base	scenarios/postgres/02-isolation/circular-information-flow.yaml:32	A	COMMIT	P16	Retained; current scenarios/postgres/02-isolation/circular-information-flow.yaml:30
C0681	base	scenarios/postgres/02-isolation/circular-information-flow.yaml:33	tl	COMMIT	P16	Retained; current scenarios/postgres/02-isolation/circular-information-flow.yaml:31
C0682	base	scenarios/postgres/02-isolation/circular-information-flow.yaml:34	B	COMMIT	P16	Retained; current scenarios/postgres/02-isolation/circular-information-flow.yaml:32
C0683	base	scenarios/postgres/02-isolation/circular-information-flow.yaml:35	tl	COMMIT	P16	Retained; current scenarios/postgres/02-isolation/circular-information-flow.yaml:31
C0684	base	scenarios/postgres/02-isolation/circular-information-flow.yaml:37	A	SELECT id, balance FROM accounts ORDER BY id	P16	Retained; current scenarios/postgres/02-isolation/circular-information-flow.yaml:35
C0685	base	scenarios/postgres/02-isolation/circular-information-flow.yaml:38	expect	[{ id: 1, balance: 111 }, { id: 2, balance: 222 }]	P16	Retained; current scenarios/postgres/02-isolation/circular-information-flow.yaml:36
C0686	base	scenarios/postgres/02-isolation/circular-information-flow.yaml:39	comment	both writes landed — but neither transaction ever saw the other's	P16	Retained; current scenarios/postgres/02-isolation/circular-information-flow.yaml:37
C0687	base	scenarios/postgres/02-isolation/circular-information-flow.yaml:40	tl	SELECT → 111, 222 ← both writes, no cross-read	P16	Retained; current scenarios/postgres/02-isolation/circular-information-flow.yaml:38
C0688	current	scenarios/postgres/02-isolation/circular-information-flow.yaml:1	title	No uncommitted cross-read in this schedule	P16	Demonstrated schedule explanation
C0689	current	scenarios/postgres/02-isolation/circular-information-flow.yaml:2	claim	At READ COMMITTED, both plain SELECTs read the original balance rather than the other transaction's uncommitted UPDATE; both writes later commit. This excludes a dirty-read cycle in this schedule, not every form of dependency cycle.	P16	Demonstrated schedule explanation
C0690	current	scenarios/postgres/02-isolation/circular-information-flow.yaml:4	anomaly	G1c	P16	Executed SQL/assertion
C0691	current	scenarios/postgres/02-isolation/circular-information-flow.yaml:5	setup	CREATE TABLE accounts (id int PRIMARY KEY, owner text NOT NULL, balance int NOT NULL); INSERT INTO accounts VALUES (1, 'alice', 100), (2, 'bob', 100);	P16	Executed SQL/assertion
C0692	current	scenarios/postgres/02-isolation/circular-information-flow.yaml:10	note	A adjusts alice's balance while B adjusts bob's — then each peeks at the other's row. If both saw the other's uncommitted write, information would flow in a circle: A → B → A. No serial order can do that.	P16	Demonstrated schedule explanation
C0693	current	scenarios/postgres/02-isolation/circular-information-flow.yaml:14	A	BEGIN ISOLATION LEVEL READ COMMITTED	P16	Executed SQL/assertion
C0694	current	scenarios/postgres/02-isolation/circular-information-flow.yaml:15	B	BEGIN ISOLATION LEVEL READ COMMITTED	P16	Executed SQL/assertion
C0695	current	scenarios/postgres/02-isolation/circular-information-flow.yaml:16	A	UPDATE accounts SET balance = 111 WHERE id = 1	P16	Executed SQL/assertion
C0696	current	scenarios/postgres/02-isolation/circular-information-flow.yaml:17	tl	UPDATE alice = 111 (uncommitted)	P16	Demonstrated schedule explanation
C0697	current	scenarios/postgres/02-isolation/circular-information-flow.yaml:18	B	UPDATE accounts SET balance = 222 WHERE id = 2	P16	Executed SQL/assertion
C0698	current	scenarios/postgres/02-isolation/circular-information-flow.yaml:19	tl	UPDATE bob = 222 (uncommitted)	P16	Demonstrated schedule explanation
C0699	current	scenarios/postgres/02-isolation/circular-information-flow.yaml:21	A	SELECT balance FROM accounts WHERE id = 2	P16	Executed SQL/assertion
C0700	current	scenarios/postgres/02-isolation/circular-information-flow.yaml:22	expect	[{ balance: 100 }]	P16	Executed SQL/assertion
C0701	current	scenarios/postgres/02-isolation/circular-information-flow.yaml:23	comment	B's uncommitted 222 is invisible to A	P16	Demonstrated schedule explanation
C0702	current	scenarios/postgres/02-isolation/circular-information-flow.yaml:24	tl	SELECT bob → 100 ← B's 222 invisible	P16	Demonstrated schedule explanation
C0703	current	scenarios/postgres/02-isolation/circular-information-flow.yaml:25	B	SELECT balance FROM accounts WHERE id = 1	P16	Executed SQL/assertion
C0704	current	scenarios/postgres/02-isolation/circular-information-flow.yaml:26	expect	[{ balance: 100 }]	P16	Executed SQL/assertion
C0705	current	scenarios/postgres/02-isolation/circular-information-flow.yaml:27	comment	and A's uncommitted 111 is invisible to B	P16	Demonstrated schedule explanation
C0706	current	scenarios/postgres/02-isolation/circular-information-flow.yaml:28	tl	SELECT alice → 100 ← A's 111 invisible	P16	Demonstrated schedule explanation
C0707	current	scenarios/postgres/02-isolation/circular-information-flow.yaml:30	A	COMMIT	P16	Executed SQL/assertion
C0708	current	scenarios/postgres/02-isolation/circular-information-flow.yaml:31	tl	COMMIT	P16	Demonstrated schedule explanation
C0709	current	scenarios/postgres/02-isolation/circular-information-flow.yaml:32	B	COMMIT	P16	Executed SQL/assertion
C0710	current	scenarios/postgres/02-isolation/circular-information-flow.yaml:33	tl	COMMIT	P16	Demonstrated schedule explanation
C0711	current	scenarios/postgres/02-isolation/circular-information-flow.yaml:35	A	SELECT id, balance FROM accounts ORDER BY id	P16	Executed SQL/assertion
C0712	current	scenarios/postgres/02-isolation/circular-information-flow.yaml:36	expect	[{ id: 1, balance: 111 }, { id: 2, balance: 222 }]	P16	Executed SQL/assertion
C0713	current	scenarios/postgres/02-isolation/circular-information-flow.yaml:37	comment	both writes landed — but neither transaction ever saw the other's	P16	Demonstrated schedule explanation
C0714	current	scenarios/postgres/02-isolation/circular-information-flow.yaml:38	tl	SELECT → 111, 222 ← both writes, no cross-read	P16	Demonstrated schedule explanation
C0715	base	scenarios/postgres/02-isolation/concurrent-update-40001.yaml:1	title	REPEATABLE READ refuses to overwrite concurrent changes	P17	Replaced or removed; resolved current scenarios/postgres/02-isolation/concurrent-update-40001.yaml (title); see corresponding current units and audit decisions
C0716	base	scenarios/postgres/02-isolation/concurrent-update-40001.yaml:2	claim	A REPEATABLE READ transaction that tries to UPDATE a row modified since its snapshot fails with SQLSTATE 40001 — immediately if the change is committed, or after waiting if it isn't.	P17	Replaced or removed; resolved current scenarios/postgres/02-isolation/concurrent-update-40001.yaml (claim); see corresponding current units and audit decisions
C0717	base	scenarios/postgres/02-isolation/concurrent-update-40001.yaml:6	anomaly	P4	P17	Retained; current scenarios/postgres/02-isolation/concurrent-update-40001.yaml:4
C0718	base	scenarios/postgres/02-isolation/concurrent-update-40001.yaml:7	isolation	REPEATABLE READ	P17	Retained; current scenarios/postgres/02-isolation/concurrent-update-40001.yaml:5
C0719	base	scenarios/postgres/02-isolation/concurrent-update-40001.yaml:8	setup	CREATE TABLE accounts (id int PRIMARY KEY, owner text NOT NULL, balance int NOT NULL); INSERT INTO accounts VALUES (1, 'alice', 100);	P17	Retained; current scenarios/postgres/02-isolation/concurrent-update-40001.yaml:6
C0720	base	scenarios/postgres/02-isolation/concurrent-update-40001.yaml:13	A	BEGIN ISOLATION LEVEL REPEATABLE READ	P17	Retained; current scenarios/postgres/02-isolation/concurrent-update-40001.yaml:11
C0721	base	scenarios/postgres/02-isolation/concurrent-update-40001.yaml:14	A	SELECT balance FROM accounts WHERE id = 1	P17	Retained; current scenarios/postgres/02-isolation/concurrent-update-40001.yaml:12
C0722	base	scenarios/postgres/02-isolation/concurrent-update-40001.yaml:15	expect	[{ balance: 100 }]	P17	Retained; current scenarios/postgres/02-isolation/concurrent-update-40001.yaml:13
C0723	base	scenarios/postgres/02-isolation/concurrent-update-40001.yaml:16	comment	snapshot taken	P17	Retained; current scenarios/postgres/02-isolation/concurrent-update-40001.yaml:14
C0724	base	scenarios/postgres/02-isolation/concurrent-update-40001.yaml:18	note	B commits a change. A can keep READING its stale snapshot — but writing that row is refused.	P17	Retained; current scenarios/postgres/02-isolation/concurrent-update-40001.yaml:16
C0725	base	scenarios/postgres/02-isolation/concurrent-update-40001.yaml:21	B	UPDATE accounts SET balance = 150 WHERE id = 1	P17	Retained; current scenarios/postgres/02-isolation/concurrent-update-40001.yaml:19
C0726	base	scenarios/postgres/02-isolation/concurrent-update-40001.yaml:22	A	SELECT balance FROM accounts WHERE id = 1	P17	Retained; current scenarios/postgres/02-isolation/concurrent-update-40001.yaml:12
C0727	base	scenarios/postgres/02-isolation/concurrent-update-40001.yaml:23	expect	[{ balance: 100 }]	P17	Retained; current scenarios/postgres/02-isolation/concurrent-update-40001.yaml:13
C0728	base	scenarios/postgres/02-isolation/concurrent-update-40001.yaml:24	A.fails	UPDATE accounts SET balance = 200 WHERE id = 1	P17	Retained; current scenarios/postgres/02-isolation/concurrent-update-40001.yaml:22
C0729	base	scenarios/postgres/02-isolation/concurrent-update-40001.yaml:25	error	"""40001"""	P17	Retained; current scenarios/postgres/02-isolation/concurrent-update-40001.yaml:23
C0730	base	scenarios/postgres/02-isolation/concurrent-update-40001.yaml:26	comment	serialization_failure — retry the whole transaction	P17	Retained; current scenarios/postgres/02-isolation/concurrent-update-40001.yaml:24
C0731	base	scenarios/postgres/02-isolation/concurrent-update-40001.yaml:27	A	ROLLBACK	P17	Retained; current scenarios/postgres/02-isolation/concurrent-update-40001.yaml:25
C0732	base	scenarios/postgres/02-isolation/concurrent-update-40001.yaml:29	note	If the competing write is NOT yet committed, the outcome is decided later: A first waits on the row lock…	P17	Retained; current scenarios/postgres/02-isolation/concurrent-update-40001.yaml:27
C0733	base	scenarios/postgres/02-isolation/concurrent-update-40001.yaml:32	A	BEGIN ISOLATION LEVEL REPEATABLE READ	P17	Retained; current scenarios/postgres/02-isolation/concurrent-update-40001.yaml:11
C0734	base	scenarios/postgres/02-isolation/concurrent-update-40001.yaml:33	A	SELECT balance FROM accounts WHERE id = 1	P17	Retained; current scenarios/postgres/02-isolation/concurrent-update-40001.yaml:12
C0735	base	scenarios/postgres/02-isolation/concurrent-update-40001.yaml:34	comment	snapshot taken	P17	Retained; current scenarios/postgres/02-isolation/concurrent-update-40001.yaml:14
C0736	base	scenarios/postgres/02-isolation/concurrent-update-40001.yaml:35	tl	SELECT (snapshot taken)	P17	Retained; current scenarios/postgres/02-isolation/concurrent-update-40001.yaml:34
C0737	base	scenarios/postgres/02-isolation/concurrent-update-40001.yaml:37	B	BEGIN	P17	Replaced or removed; resolved current scenarios/postgres/02-isolation/concurrent-update-40001.yaml (B); see corresponding current units and audit decisions
C0738	base	scenarios/postgres/02-isolation/concurrent-update-40001.yaml:38	B	UPDATE accounts SET balance = 300 WHERE id = 1	P17	Retained; current scenarios/postgres/02-isolation/concurrent-update-40001.yaml:37
C0739	base	scenarios/postgres/02-isolation/concurrent-update-40001.yaml:39	tl	UPDATE balance = 300 (uncommitted)	P17	Retained; current scenarios/postgres/02-isolation/concurrent-update-40001.yaml:38
C0740	base	scenarios/postgres/02-isolation/concurrent-update-40001.yaml:40	A	UPDATE accounts SET balance = 999 WHERE id = 1	P17	Retained; current scenarios/postgres/02-isolation/concurrent-update-40001.yaml:39
C0741	base	scenarios/postgres/02-isolation/concurrent-update-40001.yaml:41	blocks	p1	P17	Retained; current scenarios/postgres/02-isolation/concurrent-update-40001.yaml:40
C0742	base	scenarios/postgres/02-isolation/concurrent-update-40001.yaml:42	tl	UPDATE balance = 999	P17	Retained; current scenarios/postgres/02-isolation/concurrent-update-40001.yaml:41
C0743	base	scenarios/postgres/02-isolation/concurrent-update-40001.yaml:44	note	…and fails with 40001 the moment B commits. (Had B rolled back, A would have proceeded.)	P17	Replaced or removed; resolved current scenarios/postgres/02-isolation/concurrent-update-40001.yaml (note); see corresponding current units and audit decisions
C0744	base	scenarios/postgres/02-isolation/concurrent-update-40001.yaml:47	B	COMMIT	P17	Retained; current scenarios/postgres/02-isolation/concurrent-update-40001.yaml:46
C0745	base	scenarios/postgres/02-isolation/concurrent-update-40001.yaml:48	tl	COMMIT	P17	Retained; current scenarios/postgres/02-isolation/concurrent-update-40001.yaml:47
C0746	base	scenarios/postgres/02-isolation/concurrent-update-40001.yaml:49	failure	p1	P17	Retained; current scenarios/postgres/02-isolation/concurrent-update-40001.yaml:48
C0747	base	scenarios/postgres/02-isolation/concurrent-update-40001.yaml:50	error	"""40001"""	P17	Retained; current scenarios/postgres/02-isolation/concurrent-update-40001.yaml:23
C0748	base	scenarios/postgres/02-isolation/concurrent-update-40001.yaml:51	A	ROLLBACK	P17	Retained; current scenarios/postgres/02-isolation/concurrent-update-40001.yaml:25
C0749	current	scenarios/postgres/02-isolation/concurrent-update-40001.yaml:1	title	REPEATABLE READ rejects these concurrent committed updates	P17	Demonstrated schedule explanation
C0750	current	scenarios/postgres/02-isolation/concurrent-update-40001.yaml:2	claim	A's UPDATE at REPEATABLE READ fails with 40001 when B updates its target row after A's snapshot, both when B has already committed and when A waits for B to commit; when B rolls back instead, A's waiting UPDATE succeeds.	P17	Demonstrated schedule explanation
C0751	current	scenarios/postgres/02-isolation/concurrent-update-40001.yaml:4	anomaly	P4	P17	Executed SQL/assertion
C0752	current	scenarios/postgres/02-isolation/concurrent-update-40001.yaml:5	isolation	REPEATABLE READ	P17	Executed SQL/assertion
C0753	current	scenarios/postgres/02-isolation/concurrent-update-40001.yaml:6	setup	CREATE TABLE accounts (id int PRIMARY KEY, owner text NOT NULL, balance int NOT NULL); INSERT INTO accounts VALUES (1, 'alice', 100);	P17	Executed SQL/assertion
C0754	current	scenarios/postgres/02-isolation/concurrent-update-40001.yaml:11	A	BEGIN ISOLATION LEVEL REPEATABLE READ	P17	Executed SQL/assertion
C0755	current	scenarios/postgres/02-isolation/concurrent-update-40001.yaml:12	A	SELECT balance FROM accounts WHERE id = 1	P17	Executed SQL/assertion
C0756	current	scenarios/postgres/02-isolation/concurrent-update-40001.yaml:13	expect	[{ balance: 100 }]	P17	Executed SQL/assertion
C0757	current	scenarios/postgres/02-isolation/concurrent-update-40001.yaml:14	comment	snapshot taken	P17	Demonstrated schedule explanation
C0758	current	scenarios/postgres/02-isolation/concurrent-update-40001.yaml:16	note	B commits a change. A can keep READING its stale snapshot — but writing that row is refused.	P17	Demonstrated schedule explanation
C0759	current	scenarios/postgres/02-isolation/concurrent-update-40001.yaml:19	B	UPDATE accounts SET balance = 150 WHERE id = 1	P17	Executed SQL/assertion
C0760	current	scenarios/postgres/02-isolation/concurrent-update-40001.yaml:20	A	SELECT balance FROM accounts WHERE id = 1	P17	Executed SQL/assertion
C0761	current	scenarios/postgres/02-isolation/concurrent-update-40001.yaml:21	expect	[{ balance: 100 }]	P17	Executed SQL/assertion
C0762	current	scenarios/postgres/02-isolation/concurrent-update-40001.yaml:22	A.fails	UPDATE accounts SET balance = 200 WHERE id = 1	P17	Executed SQL/assertion
C0763	current	scenarios/postgres/02-isolation/concurrent-update-40001.yaml:23	error	"""40001"""	P17	Executed SQL/assertion
C0764	current	scenarios/postgres/02-isolation/concurrent-update-40001.yaml:24	comment	serialization_failure — retry the whole transaction	P17	Demonstrated schedule explanation
C0765	current	scenarios/postgres/02-isolation/concurrent-update-40001.yaml:25	A	ROLLBACK	P17	Executed SQL/assertion
C0766	current	scenarios/postgres/02-isolation/concurrent-update-40001.yaml:27	note	If the competing write is NOT yet committed, the outcome is decided later: A first waits on the row lock…	P17	Demonstrated schedule explanation
C0767	current	scenarios/postgres/02-isolation/concurrent-update-40001.yaml:30	A	BEGIN ISOLATION LEVEL REPEATABLE READ	P17	Executed SQL/assertion
C0768	current	scenarios/postgres/02-isolation/concurrent-update-40001.yaml:31	A	SELECT balance FROM accounts WHERE id = 1	P17	Executed SQL/assertion
C0769	current	scenarios/postgres/02-isolation/concurrent-update-40001.yaml:32	expect	[{ balance: 150 }]	P17	Executed SQL/assertion
C0770	current	scenarios/postgres/02-isolation/concurrent-update-40001.yaml:33	comment	snapshot taken	P17	Demonstrated schedule explanation
C0771	current	scenarios/postgres/02-isolation/concurrent-update-40001.yaml:34	tl	SELECT (snapshot taken)	P17	Demonstrated schedule explanation
C0772	current	scenarios/postgres/02-isolation/concurrent-update-40001.yaml:36	B	BEGIN ISOLATION LEVEL READ COMMITTED	P17	Executed SQL/assertion
C0773	current	scenarios/postgres/02-isolation/concurrent-update-40001.yaml:37	B	UPDATE accounts SET balance = 300 WHERE id = 1	P17	Executed SQL/assertion
C0774	current	scenarios/postgres/02-isolation/concurrent-update-40001.yaml:38	tl	UPDATE balance = 300 (uncommitted)	P17	Demonstrated schedule explanation
C0775	current	scenarios/postgres/02-isolation/concurrent-update-40001.yaml:39	A	UPDATE accounts SET balance = 999 WHERE id = 1	P17	Executed SQL/assertion
C0776	current	scenarios/postgres/02-isolation/concurrent-update-40001.yaml:40	blocks	p1	P17	Executed SQL/assertion
C0777	current	scenarios/postgres/02-isolation/concurrent-update-40001.yaml:41	tl	UPDATE balance = 999	P17	Demonstrated schedule explanation
C0778	current	scenarios/postgres/02-isolation/concurrent-update-40001.yaml:43	note	A's waiting UPDATE fails with 40001 after B commits. The next schedule checks the different outcome when B rolls back.	P17	Demonstrated schedule explanation
C0779	current	scenarios/postgres/02-isolation/concurrent-update-40001.yaml:46	B	COMMIT	P17	Executed SQL/assertion
C0780	current	scenarios/postgres/02-isolation/concurrent-update-40001.yaml:47	tl	COMMIT	P17	Demonstrated schedule explanation
C0781	current	scenarios/postgres/02-isolation/concurrent-update-40001.yaml:48	failure	p1	P17	Executed SQL/assertion
C0782	current	scenarios/postgres/02-isolation/concurrent-update-40001.yaml:49	error	"""40001"""	P17	Executed SQL/assertion
C0783	current	scenarios/postgres/02-isolation/concurrent-update-40001.yaml:50	A	ROLLBACK	P17	Executed SQL/assertion
C0784	current	scenarios/postgres/02-isolation/concurrent-update-40001.yaml:52	A	BEGIN ISOLATION LEVEL REPEATABLE READ	P17	Executed SQL/assertion
C0785	current	scenarios/postgres/02-isolation/concurrent-update-40001.yaml:53	A	SELECT balance FROM accounts WHERE id = 1	P17	Executed SQL/assertion
C0786	current	scenarios/postgres/02-isolation/concurrent-update-40001.yaml:54	expect	[{ balance: 300 }]	P17	Executed SQL/assertion
C0787	current	scenarios/postgres/02-isolation/concurrent-update-40001.yaml:55	B	BEGIN ISOLATION LEVEL READ COMMITTED	P17	Executed SQL/assertion
C0788	current	scenarios/postgres/02-isolation/concurrent-update-40001.yaml:56	B	UPDATE accounts SET balance = 400 WHERE id = 1	P17	Executed SQL/assertion
C0789	current	scenarios/postgres/02-isolation/concurrent-update-40001.yaml:57	A	UPDATE accounts SET balance = 999 WHERE id = 1	P17	Executed SQL/assertion
C0790	current	scenarios/postgres/02-isolation/concurrent-update-40001.yaml:58	blocks	p2	P17	Executed SQL/assertion
C0791	current	scenarios/postgres/02-isolation/concurrent-update-40001.yaml:59	B	ROLLBACK	P17	Executed SQL/assertion
C0792	current	scenarios/postgres/02-isolation/concurrent-update-40001.yaml:60	success	p2	P17	Executed SQL/assertion
C0793	current	scenarios/postgres/02-isolation/concurrent-update-40001.yaml:61	affected	1	P17	Executed SQL/assertion
C0794	current	scenarios/postgres/02-isolation/concurrent-update-40001.yaml:62	A	COMMIT	P17	Executed SQL/assertion
C0795	current	scenarios/postgres/02-isolation/concurrent-update-40001.yaml:63	B	SELECT balance FROM accounts WHERE id = 1	P17	Executed SQL/assertion
C0796	current	scenarios/postgres/02-isolation/concurrent-update-40001.yaml:64	expect	[{ balance: 999 }]	P17	Executed SQL/assertion
C0797	base	scenarios/postgres/02-isolation/dirty-write.yaml:1	title	Dirty writes are impossible — row locks serialize writers	P18	Replaced or removed; resolved current scenarios/postgres/02-isolation/dirty-write.yaml (title); see corresponding current units and audit decisions
C0798	base	scenarios/postgres/02-isolation/dirty-write.yaml:2	claim	"Two transactions repricing the same rows cannot interleave their writes (Adya's G0, ""dirty write""): the second writer waits for the first to finish, so the final state is one transaction's prices, never a mix."	P18	Replaced or removed; resolved current scenarios/postgres/02-isolation/dirty-write.yaml (claim); see corresponding current units and audit decisions
C0799	base	scenarios/postgres/02-isolation/dirty-write.yaml:6	anomaly	G0	P18	Retained; current scenarios/postgres/02-isolation/dirty-write.yaml:4
C0800	base	scenarios/postgres/02-isolation/dirty-write.yaml:7	setup	CREATE TABLE items (id int PRIMARY KEY, name text NOT NULL, price int NOT NULL); INSERT INTO items VALUES (1, 'mug', 10), (2, 'cap', 20);	P18	Retained; current scenarios/postgres/02-isolation/dirty-write.yaml:5
C0801	base	scenarios/postgres/02-isolation/dirty-write.yaml:12	note	Two batch jobs reprice the whole catalog concurrently. A mix of their prices (A's mug with B's cap) would be a dirty write — a state no serial order could produce.	P18	Replaced or removed; resolved current scenarios/postgres/02-isolation/dirty-write.yaml (note); see corresponding current units and audit decisions
C0802	base	scenarios/postgres/02-isolation/dirty-write.yaml:16	A	BEGIN	P18	Replaced or removed; resolved current scenarios/postgres/02-isolation/dirty-write.yaml (A); see corresponding current units and audit decisions
C0803	base	scenarios/postgres/02-isolation/dirty-write.yaml:17	B	BEGIN	P18	Replaced or removed; resolved current scenarios/postgres/02-isolation/dirty-write.yaml (B); see corresponding current units and audit decisions
C0804	base	scenarios/postgres/02-isolation/dirty-write.yaml:18	A	UPDATE items SET price = 11 WHERE id = 1	P18	Retained; current scenarios/postgres/02-isolation/dirty-write.yaml:16
C0805	base	scenarios/postgres/02-isolation/dirty-write.yaml:19	tl	UPDATE id=1 price=11	P18	Retained; current scenarios/postgres/02-isolation/dirty-write.yaml:17
C0806	base	scenarios/postgres/02-isolation/dirty-write.yaml:21	note	B wants the same row. Even at READ COMMITTED it must wait for A's lock.	P18	Retained; current scenarios/postgres/02-isolation/dirty-write.yaml:19
C0807	base	scenarios/postgres/02-isolation/dirty-write.yaml:22	B	UPDATE items SET price = 12 WHERE id = 1	P18	Retained; current scenarios/postgres/02-isolation/dirty-write.yaml:20
C0808	base	scenarios/postgres/02-isolation/dirty-write.yaml:23	blocks	p1	P18	Retained; current scenarios/postgres/02-isolation/dirty-write.yaml:21
C0809	base	scenarios/postgres/02-isolation/dirty-write.yaml:24	tl	UPDATE id=1 price=12	P18	Retained; current scenarios/postgres/02-isolation/dirty-write.yaml:22
C0810	base	scenarios/postgres/02-isolation/dirty-write.yaml:26	A	UPDATE items SET price = 21 WHERE id = 2	P18	Retained; current scenarios/postgres/02-isolation/dirty-write.yaml:24
C0811	base	scenarios/postgres/02-isolation/dirty-write.yaml:27	tl	UPDATE id=2 price=21	P18	Retained; current scenarios/postgres/02-isolation/dirty-write.yaml:25
C0812	base	scenarios/postgres/02-isolation/dirty-write.yaml:28	A	COMMIT	P18	Retained; current scenarios/postgres/02-isolation/dirty-write.yaml:26
C0813	base	scenarios/postgres/02-isolation/dirty-write.yaml:29	comment	releases both row locks	P18	Retained; current scenarios/postgres/02-isolation/dirty-write.yaml:27
C0814	base	scenarios/postgres/02-isolation/dirty-write.yaml:30	tl	COMMIT ← locks released, B wakes up	P18	Retained; current scenarios/postgres/02-isolation/dirty-write.yaml:28
C0815	base	scenarios/postgres/02-isolation/dirty-write.yaml:31	success	p1	P18	Retained; current scenarios/postgres/02-isolation/dirty-write.yaml:29
C0816	base	scenarios/postgres/02-isolation/dirty-write.yaml:33	B	UPDATE items SET price = 22 WHERE id = 2	P18	Retained; current scenarios/postgres/02-isolation/dirty-write.yaml:31
C0817	base	scenarios/postgres/02-isolation/dirty-write.yaml:34	tl	UPDATE id=2 price=22	P18	Retained; current scenarios/postgres/02-isolation/dirty-write.yaml:32
C0818	base	scenarios/postgres/02-isolation/dirty-write.yaml:35	B	COMMIT	P18	Retained; current scenarios/postgres/02-isolation/dirty-write.yaml:33
C0819	base	scenarios/postgres/02-isolation/dirty-write.yaml:36	tl	COMMIT	P18	Retained; current scenarios/postgres/02-isolation/dirty-write.yaml:34
C0820	base	scenarios/postgres/02-isolation/dirty-write.yaml:38	A	SELECT id, price FROM items ORDER BY id	P18	Retained; current scenarios/postgres/02-isolation/dirty-write.yaml:36
C0821	base	scenarios/postgres/02-isolation/dirty-write.yaml:39	expect	[{ id: 1, price: 12 }, { id: 2, price: 22 }]	P18	Retained; current scenarios/postgres/02-isolation/dirty-write.yaml:37
C0822	base	scenarios/postgres/02-isolation/dirty-write.yaml:40	comment	all B — as if B had run after A. Never 12/21 or 11/22.	P18	Replaced or removed; resolved current scenarios/postgres/02-isolation/dirty-write.yaml (comment); see corresponding current units and audit decisions
C0823	base	scenarios/postgres/02-isolation/dirty-write.yaml:41	tl	SELECT → 12, 22 ← all B, never a mix	P18	Replaced or removed; resolved current scenarios/postgres/02-isolation/dirty-write.yaml (tl); see corresponding current units and audit decisions
C0824	current	scenarios/postgres/02-isolation/dirty-write.yaml:1	title	Row locks prevent an uncommitted overwrite	P18	Demonstrated schedule explanation
C0825	current	scenarios/postgres/02-isolation/dirty-write.yaml:2	claim	At READ COMMITTED, B's UPDATE of row 1 waits for A to commit before proceeding; after both transactions update both rows and commit in this order, both final prices are B's.	P18	Demonstrated schedule explanation
C0826	current	scenarios/postgres/02-isolation/dirty-write.yaml:4	anomaly	G0	P18	Executed SQL/assertion
C0827	current	scenarios/postgres/02-isolation/dirty-write.yaml:5	setup	CREATE TABLE items (id int PRIMARY KEY, name text NOT NULL, price int NOT NULL); INSERT INTO items VALUES (1, 'mug', 10), (2, 'cap', 20);	P18	Executed SQL/assertion
C0828	current	scenarios/postgres/02-isolation/dirty-write.yaml:10	note	Both batch jobs update the same two rows. A dirty write would overwrite a row before its previous writer commits or rolls back; the wait below prevents that overwrite in this schedule.	P18	Demonstrated schedule explanation
C0829	current	scenarios/postgres/02-isolation/dirty-write.yaml:14	A	BEGIN ISOLATION LEVEL READ COMMITTED	P18	Executed SQL/assertion
C0830	current	scenarios/postgres/02-isolation/dirty-write.yaml:15	B	BEGIN ISOLATION LEVEL READ COMMITTED	P18	Executed SQL/assertion
C0831	current	scenarios/postgres/02-isolation/dirty-write.yaml:16	A	UPDATE items SET price = 11 WHERE id = 1	P18	Executed SQL/assertion
C0832	current	scenarios/postgres/02-isolation/dirty-write.yaml:17	tl	UPDATE id=1 price=11	P18	Demonstrated schedule explanation
C0833	current	scenarios/postgres/02-isolation/dirty-write.yaml:19	note	B wants the same row. Even at READ COMMITTED it must wait for A's lock.	P18	Demonstrated schedule explanation
C0834	current	scenarios/postgres/02-isolation/dirty-write.yaml:20	B	UPDATE items SET price = 12 WHERE id = 1	P18	Executed SQL/assertion
C0835	current	scenarios/postgres/02-isolation/dirty-write.yaml:21	blocks	p1	P18	Executed SQL/assertion
C0836	current	scenarios/postgres/02-isolation/dirty-write.yaml:22	tl	UPDATE id=1 price=12	P18	Demonstrated schedule explanation
C0837	current	scenarios/postgres/02-isolation/dirty-write.yaml:24	A	UPDATE items SET price = 21 WHERE id = 2	P18	Executed SQL/assertion
C0838	current	scenarios/postgres/02-isolation/dirty-write.yaml:25	tl	UPDATE id=2 price=21	P18	Demonstrated schedule explanation
C0839	current	scenarios/postgres/02-isolation/dirty-write.yaml:26	A	COMMIT	P18	Executed SQL/assertion
C0840	current	scenarios/postgres/02-isolation/dirty-write.yaml:27	comment	releases both row locks	P18	Demonstrated schedule explanation
C0841	current	scenarios/postgres/02-isolation/dirty-write.yaml:28	tl	COMMIT ← locks released, B wakes up	P18	Demonstrated schedule explanation
C0842	current	scenarios/postgres/02-isolation/dirty-write.yaml:29	success	p1	P18	Executed SQL/assertion
C0843	current	scenarios/postgres/02-isolation/dirty-write.yaml:31	B	UPDATE items SET price = 22 WHERE id = 2	P18	Executed SQL/assertion
C0844	current	scenarios/postgres/02-isolation/dirty-write.yaml:32	tl	UPDATE id=2 price=22	P18	Demonstrated schedule explanation
C0845	current	scenarios/postgres/02-isolation/dirty-write.yaml:33	B	COMMIT	P18	Executed SQL/assertion
C0846	current	scenarios/postgres/02-isolation/dirty-write.yaml:34	tl	COMMIT	P18	Demonstrated schedule explanation
C0847	current	scenarios/postgres/02-isolation/dirty-write.yaml:36	A	SELECT id, price FROM items ORDER BY id	P18	Executed SQL/assertion
C0848	current	scenarios/postgres/02-isolation/dirty-write.yaml:37	expect	[{ id: 1, price: 12 }, { id: 2, price: 22 }]	P18	Executed SQL/assertion
C0849	current	scenarios/postgres/02-isolation/dirty-write.yaml:38	comment	both final prices are B's in this order	P18	Demonstrated schedule explanation
C0850	current	scenarios/postgres/02-isolation/dirty-write.yaml:39	tl	SELECT → 12, 22 ← both final prices are B's	P18	Demonstrated schedule explanation
C0851	base	scenarios/postgres/02-isolation/intermediate-read.yaml:1	title	Readers never see intermediate states	P19	Replaced or removed; resolved current scenarios/postgres/02-isolation/intermediate-read.yaml (title); see corresponding current units and audit decisions
C0852	base	scenarios/postgres/02-isolation/intermediate-read.yaml:2	claim	"A transaction that changes a value twice exposes neither draft to other transactions (Adya's G1b, ""intermediate read""): readers see the old value until commit, then only the final one."	P19	Replaced or removed; resolved current scenarios/postgres/02-isolation/intermediate-read.yaml (claim); see corresponding current units and audit decisions
C0853	base	scenarios/postgres/02-isolation/intermediate-read.yaml:6	anomaly	G1b	P19	Retained; current scenarios/postgres/02-isolation/intermediate-read.yaml:4
C0854	base	scenarios/postgres/02-isolation/intermediate-read.yaml:7	setup	CREATE TABLE accounts (id int PRIMARY KEY, owner text NOT NULL, balance int NOT NULL); INSERT INTO accounts VALUES (1, 'alice', 100);	P19	Retained; current scenarios/postgres/02-isolation/intermediate-read.yaml:5
C0855	base	scenarios/postgres/02-isolation/intermediate-read.yaml:12	A	BEGIN	P19	Replaced or removed; resolved current scenarios/postgres/02-isolation/intermediate-read.yaml (A); see corresponding current units and audit decisions
C0856	base	scenarios/postgres/02-isolation/intermediate-read.yaml:13	A	UPDATE accounts SET balance = 999 WHERE id = 1	P19	Retained; current scenarios/postgres/02-isolation/intermediate-read.yaml:11
C0857	base	scenarios/postgres/02-isolation/intermediate-read.yaml:14	comment	a working draft — A isn't done yet	P19	Retained; current scenarios/postgres/02-isolation/intermediate-read.yaml:12
C0858	base	scenarios/postgres/02-isolation/intermediate-read.yaml:15	tl	UPDATE balance = 999 (draft, uncommitted)	P19	Retained; current scenarios/postgres/02-isolation/intermediate-read.yaml:13
C0859	base	scenarios/postgres/02-isolation/intermediate-read.yaml:17	B	SELECT balance FROM accounts WHERE id = 1	P19	Retained; current scenarios/postgres/02-isolation/intermediate-read.yaml:15
C0860	base	scenarios/postgres/02-isolation/intermediate-read.yaml:18	expect	[{ balance: 100 }]	P19	Retained; current scenarios/postgres/02-isolation/intermediate-read.yaml:16
C0861	base	scenarios/postgres/02-isolation/intermediate-read.yaml:19	comment	the draft 999 is invisible	P19	Retained; current scenarios/postgres/02-isolation/intermediate-read.yaml:17
C0862	base	scenarios/postgres/02-isolation/intermediate-read.yaml:20	tl	SELECT → 100 ← draft 999 invisible	P19	Retained; current scenarios/postgres/02-isolation/intermediate-read.yaml:18
C0863	base	scenarios/postgres/02-isolation/intermediate-read.yaml:22	A	UPDATE accounts SET balance = 110 WHERE id = 1	P19	Retained; current scenarios/postgres/02-isolation/intermediate-read.yaml:20
C0864	base	scenarios/postgres/02-isolation/intermediate-read.yaml:23	comment	A settles on the final value…	P19	Retained; current scenarios/postgres/02-isolation/intermediate-read.yaml:21
C0865	base	scenarios/postgres/02-isolation/intermediate-read.yaml:24	tl	UPDATE balance = 110 (final value)	P19	Retained; current scenarios/postgres/02-isolation/intermediate-read.yaml:22
C0866	base	scenarios/postgres/02-isolation/intermediate-read.yaml:25	A	COMMIT	P19	Retained; current scenarios/postgres/02-isolation/intermediate-read.yaml:23
C0867	base	scenarios/postgres/02-isolation/intermediate-read.yaml:26	tl	COMMIT	P19	Retained; current scenarios/postgres/02-isolation/intermediate-read.yaml:24
C0868	base	scenarios/postgres/02-isolation/intermediate-read.yaml:28	B	SELECT balance FROM accounts WHERE id = 1	P19	Retained; current scenarios/postgres/02-isolation/intermediate-read.yaml:15
C0869	base	scenarios/postgres/02-isolation/intermediate-read.yaml:29	expect	[{ balance: 110 }]	P19	Retained; current scenarios/postgres/02-isolation/intermediate-read.yaml:27
C0870	base	scenarios/postgres/02-isolation/intermediate-read.yaml:30	tl	SELECT → 110 ← only the final value, never 999	P19	Retained; current scenarios/postgres/02-isolation/intermediate-read.yaml:28
C0871	base	scenarios/postgres/02-isolation/intermediate-read.yaml:32	note	To every other transaction, the balance went 100 → 110 in one step. The intermediate 999 never existed outside A.	P19	Replaced or removed; resolved current scenarios/postgres/02-isolation/intermediate-read.yaml (note); see corresponding current units and audit decisions
C0872	current	scenarios/postgres/02-isolation/intermediate-read.yaml:1	title	READ COMMITTED SELECTs do not see this intermediate value	P19	Demonstrated schedule explanation
C0873	current	scenarios/postgres/02-isolation/intermediate-read.yaml:2	claim	B's plain SELECT reads 100 while A's draft 999 is uncommitted, and its SELECT after A commits reads the final 110.	P19	Demonstrated schedule explanation
C0874	current	scenarios/postgres/02-isolation/intermediate-read.yaml:4	anomaly	G1b	P19	Executed SQL/assertion
C0875	current	scenarios/postgres/02-isolation/intermediate-read.yaml:5	setup	CREATE TABLE accounts (id int PRIMARY KEY, owner text NOT NULL, balance int NOT NULL); INSERT INTO accounts VALUES (1, 'alice', 100);	P19	Executed SQL/assertion
C0876	current	scenarios/postgres/02-isolation/intermediate-read.yaml:10	A	BEGIN ISOLATION LEVEL READ COMMITTED	P19	Executed SQL/assertion
C0877	current	scenarios/postgres/02-isolation/intermediate-read.yaml:11	A	UPDATE accounts SET balance = 999 WHERE id = 1	P19	Executed SQL/assertion
C0878	current	scenarios/postgres/02-isolation/intermediate-read.yaml:12	comment	a working draft — A isn't done yet	P19	Demonstrated schedule explanation
C0879	current	scenarios/postgres/02-isolation/intermediate-read.yaml:13	tl	UPDATE balance = 999 (draft, uncommitted)	P19	Demonstrated schedule explanation
C0880	current	scenarios/postgres/02-isolation/intermediate-read.yaml:15	B	SELECT balance FROM accounts WHERE id = 1	P19	Executed SQL/assertion
C0881	current	scenarios/postgres/02-isolation/intermediate-read.yaml:16	expect	[{ balance: 100 }]	P19	Executed SQL/assertion
C0882	current	scenarios/postgres/02-isolation/intermediate-read.yaml:17	comment	the draft 999 is invisible	P19	Demonstrated schedule explanation
C0883	current	scenarios/postgres/02-isolation/intermediate-read.yaml:18	tl	SELECT → 100 ← draft 999 invisible	P19	Demonstrated schedule explanation
C0884	current	scenarios/postgres/02-isolation/intermediate-read.yaml:20	A	UPDATE accounts SET balance = 110 WHERE id = 1	P19	Executed SQL/assertion
C0885	current	scenarios/postgres/02-isolation/intermediate-read.yaml:21	comment	A settles on the final value…	P19	Demonstrated schedule explanation
C0886	current	scenarios/postgres/02-isolation/intermediate-read.yaml:22	tl	UPDATE balance = 110 (final value)	P19	Demonstrated schedule explanation
C0887	current	scenarios/postgres/02-isolation/intermediate-read.yaml:23	A	COMMIT	P19	Executed SQL/assertion
C0888	current	scenarios/postgres/02-isolation/intermediate-read.yaml:24	tl	COMMIT	P19	Demonstrated schedule explanation
C0889	current	scenarios/postgres/02-isolation/intermediate-read.yaml:26	B	SELECT balance FROM accounts WHERE id = 1	P19	Executed SQL/assertion
C0890	current	scenarios/postgres/02-isolation/intermediate-read.yaml:27	expect	[{ balance: 110 }]	P19	Executed SQL/assertion
C0891	current	scenarios/postgres/02-isolation/intermediate-read.yaml:28	tl	SELECT → 110 ← only the final value, never 999	P19	Demonstrated schedule explanation
C0892	current	scenarios/postgres/02-isolation/intermediate-read.yaml:30	note	B's two SELECTs returned 100 and 110, never A's uncommitted draft 999. A transaction with an older stable snapshot need not see 110 yet.	P19	Demonstrated schedule explanation
C0893	base	scenarios/postgres/02-isolation/lost-update-read-committed.yaml:1	title	Lost update at READ COMMITTED	P20	Retained; current scenarios/postgres/02-isolation/lost-update-read-committed.yaml:1
C0894	base	scenarios/postgres/02-isolation/lost-update-read-committed.yaml:2	claim	Two read-modify-write transactions at READ COMMITTED can silently overwrite each other: two deposits of 10 grow the balance by only 10.	P20	Replaced or removed; resolved current scenarios/postgres/02-isolation/lost-update-read-committed.yaml (claim); see corresponding current units and audit decisions
C0895	base	scenarios/postgres/02-isolation/lost-update-read-committed.yaml:5	anomaly	P4	P20	Retained; current scenarios/postgres/02-isolation/lost-update-read-committed.yaml:4
C0896	base	scenarios/postgres/02-isolation/lost-update-read-committed.yaml:6	setup	CREATE TABLE accounts (id int PRIMARY KEY, owner text NOT NULL, balance int NOT NULL); INSERT INTO accounts VALUES (1, 'alice', 100);	P20	Retained; current scenarios/postgres/02-isolation/lost-update-read-committed.yaml:5
C0897	base	scenarios/postgres/02-isolation/lost-update-read-committed.yaml:11	note	Two app servers process a +10 deposit each: read the balance, add 10 in code, write it back.	P20	Retained; current scenarios/postgres/02-isolation/lost-update-read-committed.yaml:10
C0898	base	scenarios/postgres/02-isolation/lost-update-read-committed.yaml:14	A	BEGIN	P20	Replaced or removed; resolved current scenarios/postgres/02-isolation/lost-update-read-committed.yaml (A); see corresponding current units and audit decisions
C0899	base	scenarios/postgres/02-isolation/lost-update-read-committed.yaml:15	A	SELECT balance FROM accounts WHERE id = 1	P20	Retained; current scenarios/postgres/02-isolation/lost-update-read-committed.yaml:14
C0900	base	scenarios/postgres/02-isolation/lost-update-read-committed.yaml:16	expect	[{ balance: 100 }]	P20	Retained; current scenarios/postgres/02-isolation/lost-update-read-committed.yaml:15
C0901	base	scenarios/postgres/02-isolation/lost-update-read-committed.yaml:18	tl	SELECT balance → 100	P20	Retained; current scenarios/postgres/02-isolation/lost-update-read-committed.yaml:17
C0902	base	scenarios/postgres/02-isolation/lost-update-read-committed.yaml:20	B	BEGIN	P20	Replaced or removed; resolved current scenarios/postgres/02-isolation/lost-update-read-committed.yaml (B); see corresponding current units and audit decisions
C0903	base	scenarios/postgres/02-isolation/lost-update-read-committed.yaml:21	B	SELECT balance FROM accounts WHERE id = 1	P20	Retained; current scenarios/postgres/02-isolation/lost-update-read-committed.yaml:20
C0904	base	scenarios/postgres/02-isolation/lost-update-read-committed.yaml:22	expect	[{ balance: 100 }]	P20	Retained; current scenarios/postgres/02-isolation/lost-update-read-committed.yaml:15
C0905	base	scenarios/postgres/02-isolation/lost-update-read-committed.yaml:24	comment	B reads the same 100 — A hasn't committed	P20	Retained; current scenarios/postgres/02-isolation/lost-update-read-committed.yaml:23
C0906	base	scenarios/postgres/02-isolation/lost-update-read-committed.yaml:25	tl	SELECT balance → 100 (same stale read)	P20	Retained; current scenarios/postgres/02-isolation/lost-update-read-committed.yaml:24
C0907	base	scenarios/postgres/02-isolation/lost-update-read-committed.yaml:27	A	UPDATE accounts SET balance = ${readA.balance} + 10 WHERE id = 1	P20	Retained; current scenarios/postgres/02-isolation/lost-update-read-committed.yaml:26
C0908	base	scenarios/postgres/02-isolation/lost-update-read-committed.yaml:28	tl	UPDATE balance = 100 + 10	P20	Retained; current scenarios/postgres/02-isolation/lost-update-read-committed.yaml:27
C0909	base	scenarios/postgres/02-isolation/lost-update-read-committed.yaml:29	A	COMMIT	P20	Retained; current scenarios/postgres/02-isolation/lost-update-read-committed.yaml:28
C0910	base	scenarios/postgres/02-isolation/lost-update-read-committed.yaml:30	tl	COMMIT	P20	Retained; current scenarios/postgres/02-isolation/lost-update-read-committed.yaml:29
C0911	base	scenarios/postgres/02-isolation/lost-update-read-committed.yaml:32	note	B computed 100 + 10 from its stale read. Nothing stops the write — A's transaction is long gone.	P20	Retained; current scenarios/postgres/02-isolation/lost-update-read-committed.yaml:31
C0912	base	scenarios/postgres/02-isolation/lost-update-read-committed.yaml:35	B	UPDATE accounts SET balance = ${readB.balance} + 10 WHERE id = 1	P20	Retained; current scenarios/postgres/02-isolation/lost-update-read-committed.yaml:34
C0913	base	scenarios/postgres/02-isolation/lost-update-read-committed.yaml:36	tl	UPDATE balance = 100 + 10 (stale math)	P20	Retained; current scenarios/postgres/02-isolation/lost-update-read-committed.yaml:35
C0914	base	scenarios/postgres/02-isolation/lost-update-read-committed.yaml:37	B	COMMIT	P20	Retained; current scenarios/postgres/02-isolation/lost-update-read-committed.yaml:36
C0915	base	scenarios/postgres/02-isolation/lost-update-read-committed.yaml:38	tl	COMMIT	P20	Retained; current scenarios/postgres/02-isolation/lost-update-read-committed.yaml:29
C0916	base	scenarios/postgres/02-isolation/lost-update-read-committed.yaml:40	A	SELECT balance FROM accounts WHERE id = 1	P20	Retained; current scenarios/postgres/02-isolation/lost-update-read-committed.yaml:14
C0917	base	scenarios/postgres/02-isolation/lost-update-read-committed.yaml:41	expect	[{ balance: 110 }]	P20	Retained; current scenarios/postgres/02-isolation/lost-update-read-committed.yaml:40
C0918	base	scenarios/postgres/02-isolation/lost-update-read-committed.yaml:42	comment	two +10 deposits, but only one survived	P20	Retained; current scenarios/postgres/02-isolation/lost-update-read-committed.yaml:41
C0919	base	scenarios/postgres/02-isolation/lost-update-read-committed.yaml:43	tl	SELECT balance → 110 — one deposit gone	P20	Retained; current scenarios/postgres/02-isolation/lost-update-read-committed.yaml:42
C0920	base	scenarios/postgres/02-isolation/lost-update-read-committed.yaml:45	note	A's deposit vanished without any error. Fixes: atomic UPDATE, SELECT FOR UPDATE, or REPEATABLE READ — see the lesson.	P20	Retained; current scenarios/postgres/02-isolation/lost-update-read-committed.yaml:44
C0921	current	scenarios/postgres/02-isolation/lost-update-read-committed.yaml:1	title	Lost update at READ COMMITTED	P20	Demonstrated schedule explanation
C0922	current	scenarios/postgres/02-isolation/lost-update-read-committed.yaml:2	claim	Two read-modify-write transactions at READ COMMITTED both read 100 and write 110; both commit, leaving 110 rather than the intended 120.	P20	Demonstrated schedule explanation
C0923	current	scenarios/postgres/02-isolation/lost-update-read-committed.yaml:4	anomaly	P4	P20	Executed SQL/assertion
C0924	current	scenarios/postgres/02-isolation/lost-update-read-committed.yaml:5	setup	CREATE TABLE accounts (id int PRIMARY KEY, owner text NOT NULL, balance int NOT NULL); INSERT INTO accounts VALUES (1, 'alice', 100);	P20	Executed SQL/assertion
C0925	current	scenarios/postgres/02-isolation/lost-update-read-committed.yaml:10	note	Two app servers process a +10 deposit each: read the balance, add 10 in code, write it back.	P20	Demonstrated schedule explanation
C0926	current	scenarios/postgres/02-isolation/lost-update-read-committed.yaml:13	A	BEGIN ISOLATION LEVEL READ COMMITTED	P20	Executed SQL/assertion
C0927	current	scenarios/postgres/02-isolation/lost-update-read-committed.yaml:14	A	SELECT balance FROM accounts WHERE id = 1	P20	Executed SQL/assertion
C0928	current	scenarios/postgres/02-isolation/lost-update-read-committed.yaml:15	expect	[{ balance: 100 }]	P20	Executed SQL/assertion
C0929	current	scenarios/postgres/02-isolation/lost-update-read-committed.yaml:17	tl	SELECT balance → 100	P20	Demonstrated schedule explanation
C0930	current	scenarios/postgres/02-isolation/lost-update-read-committed.yaml:19	B	BEGIN ISOLATION LEVEL READ COMMITTED	P20	Executed SQL/assertion
C0931	current	scenarios/postgres/02-isolation/lost-update-read-committed.yaml:20	B	SELECT balance FROM accounts WHERE id = 1	P20	Executed SQL/assertion
C0932	current	scenarios/postgres/02-isolation/lost-update-read-committed.yaml:21	expect	[{ balance: 100 }]	P20	Executed SQL/assertion
C0933	current	scenarios/postgres/02-isolation/lost-update-read-committed.yaml:23	comment	B reads the same 100 — A hasn't committed	P20	Demonstrated schedule explanation
C0934	current	scenarios/postgres/02-isolation/lost-update-read-committed.yaml:24	tl	SELECT balance → 100 (same stale read)	P20	Demonstrated schedule explanation
C0935	current	scenarios/postgres/02-isolation/lost-update-read-committed.yaml:26	A	UPDATE accounts SET balance = ${readA.balance} + 10 WHERE id = 1	P20	Executed SQL/assertion
C0936	current	scenarios/postgres/02-isolation/lost-update-read-committed.yaml:27	tl	UPDATE balance = 100 + 10	P20	Demonstrated schedule explanation
C0937	current	scenarios/postgres/02-isolation/lost-update-read-committed.yaml:28	A	COMMIT	P20	Executed SQL/assertion
C0938	current	scenarios/postgres/02-isolation/lost-update-read-committed.yaml:29	tl	COMMIT	P20	Demonstrated schedule explanation
C0939	current	scenarios/postgres/02-isolation/lost-update-read-committed.yaml:31	note	B computed 100 + 10 from its stale read. Nothing stops the write — A's transaction is long gone.	P20	Demonstrated schedule explanation
C0940	current	scenarios/postgres/02-isolation/lost-update-read-committed.yaml:34	B	UPDATE accounts SET balance = ${readB.balance} + 10 WHERE id = 1	P20	Executed SQL/assertion
C0941	current	scenarios/postgres/02-isolation/lost-update-read-committed.yaml:35	tl	UPDATE balance = 100 + 10 (stale math)	P20	Demonstrated schedule explanation
C0942	current	scenarios/postgres/02-isolation/lost-update-read-committed.yaml:36	B	COMMIT	P20	Executed SQL/assertion
C0943	current	scenarios/postgres/02-isolation/lost-update-read-committed.yaml:37	tl	COMMIT	P20	Demonstrated schedule explanation
C0944	current	scenarios/postgres/02-isolation/lost-update-read-committed.yaml:39	A	SELECT balance FROM accounts WHERE id = 1	P20	Executed SQL/assertion
C0945	current	scenarios/postgres/02-isolation/lost-update-read-committed.yaml:40	expect	[{ balance: 110 }]	P20	Executed SQL/assertion
C0946	current	scenarios/postgres/02-isolation/lost-update-read-committed.yaml:41	comment	two +10 deposits, but only one survived	P20	Demonstrated schedule explanation
C0947	current	scenarios/postgres/02-isolation/lost-update-read-committed.yaml:42	tl	SELECT balance → 110 — one deposit gone	P20	Demonstrated schedule explanation
C0948	current	scenarios/postgres/02-isolation/lost-update-read-committed.yaml:44	note	A's deposit vanished without any error. Fixes: atomic UPDATE, SELECT FOR UPDATE, or REPEATABLE READ — see the lesson.	P20	Demonstrated schedule explanation
C0949	base	scenarios/postgres/02-isolation/lost-update-repeatable-read.yaml:1	title	REPEATABLE READ turns lost updates into errors	P21	Replaced or removed; resolved current scenarios/postgres/02-isolation/lost-update-repeatable-read.yaml (title); see corresponding current units and audit decisions
C0950	base	scenarios/postgres/02-isolation/lost-update-repeatable-read.yaml:2	claim	The interleaving that silently loses an update at READ COMMITTED fails loudly with SQLSTATE 40001 at REPEATABLE READ — no data is lost, the loser just retries.	P21	Replaced or removed; resolved current scenarios/postgres/02-isolation/lost-update-repeatable-read.yaml (claim); see corresponding current units and audit decisions
C0951	base	scenarios/postgres/02-isolation/lost-update-repeatable-read.yaml:6	anomaly	P4	P21	Retained; current scenarios/postgres/02-isolation/lost-update-repeatable-read.yaml:4
C0952	base	scenarios/postgres/02-isolation/lost-update-repeatable-read.yaml:7	isolation	REPEATABLE READ	P21	Retained; current scenarios/postgres/02-isolation/lost-update-repeatable-read.yaml:5
C0953	base	scenarios/postgres/02-isolation/lost-update-repeatable-read.yaml:8	setup	CREATE TABLE accounts (id int PRIMARY KEY, owner text NOT NULL, balance int NOT NULL); INSERT INTO accounts VALUES (1, 'alice', 100);	P21	Retained; current scenarios/postgres/02-isolation/lost-update-repeatable-read.yaml:6
C0954	base	scenarios/postgres/02-isolation/lost-update-repeatable-read.yaml:13	note	The same two +10 deposits — but this time at REPEATABLE READ.	P21	Retained; current scenarios/postgres/02-isolation/lost-update-repeatable-read.yaml:11
C0955	base	scenarios/postgres/02-isolation/lost-update-repeatable-read.yaml:14	A	BEGIN ISOLATION LEVEL REPEATABLE READ	P21	Retained; current scenarios/postgres/02-isolation/lost-update-repeatable-read.yaml:12
C0956	base	scenarios/postgres/02-isolation/lost-update-repeatable-read.yaml:15	A	SELECT balance FROM accounts WHERE id = 1	P21	Retained; current scenarios/postgres/02-isolation/lost-update-repeatable-read.yaml:13
C0957	base	scenarios/postgres/02-isolation/lost-update-repeatable-read.yaml:17	tl	SELECT balance → 100	P21	Retained; current scenarios/postgres/02-isolation/lost-update-repeatable-read.yaml:15
C0958	base	scenarios/postgres/02-isolation/lost-update-repeatable-read.yaml:19	B	BEGIN ISOLATION LEVEL REPEATABLE READ	P21	Retained; current scenarios/postgres/02-isolation/lost-update-repeatable-read.yaml:17
C0959	base	scenarios/postgres/02-isolation/lost-update-repeatable-read.yaml:20	B	SELECT balance FROM accounts WHERE id = 1	P21	Retained; current scenarios/postgres/02-isolation/lost-update-repeatable-read.yaml:18
C0960	base	scenarios/postgres/02-isolation/lost-update-repeatable-read.yaml:21	expect	[{ balance: 100 }]	P21	Retained; current scenarios/postgres/02-isolation/lost-update-repeatable-read.yaml:19
C0961	base	scenarios/postgres/02-isolation/lost-update-repeatable-read.yaml:23	tl	SELECT balance → 100 (same snapshot)	P21	Replaced or removed; resolved current scenarios/postgres/02-isolation/lost-update-repeatable-read.yaml (tl); see corresponding current units and audit decisions
C0962	base	scenarios/postgres/02-isolation/lost-update-repeatable-read.yaml:25	A	UPDATE accounts SET balance = ${readA.balance} + 10 WHERE id = 1	P21	Retained; current scenarios/postgres/02-isolation/lost-update-repeatable-read.yaml:23
C0963	base	scenarios/postgres/02-isolation/lost-update-repeatable-read.yaml:26	tl	UPDATE balance = 100 + 10	P21	Retained; current scenarios/postgres/02-isolation/lost-update-repeatable-read.yaml:24
C0964	base	scenarios/postgres/02-isolation/lost-update-repeatable-read.yaml:27	A	COMMIT	P21	Retained; current scenarios/postgres/02-isolation/lost-update-repeatable-read.yaml:25
C0965	base	scenarios/postgres/02-isolation/lost-update-repeatable-read.yaml:28	tl	COMMIT	P21	Retained; current scenarios/postgres/02-isolation/lost-update-repeatable-read.yaml:26
C0966	base	scenarios/postgres/02-isolation/lost-update-repeatable-read.yaml:30	note	B's snapshot predates A's commit, so B's write is refused instead of silently clobbering it.	P21	Retained; current scenarios/postgres/02-isolation/lost-update-repeatable-read.yaml:28
C0967	base	scenarios/postgres/02-isolation/lost-update-repeatable-read.yaml:33	B.fails	UPDATE accounts SET balance = ${readB.balance} + 10 WHERE id = 1	P21	Retained; current scenarios/postgres/02-isolation/lost-update-repeatable-read.yaml:31
C0968	base	scenarios/postgres/02-isolation/lost-update-repeatable-read.yaml:34	error	"""40001"""	P21	Retained; current scenarios/postgres/02-isolation/lost-update-repeatable-read.yaml:32
C0969	base	scenarios/postgres/02-isolation/lost-update-repeatable-read.yaml:35	comment	serialization_failure	P21	Retained; current scenarios/postgres/02-isolation/lost-update-repeatable-read.yaml:33
C0970	base	scenarios/postgres/02-isolation/lost-update-repeatable-read.yaml:36	tl	UPDATE balance = 100 + 10	P21	Retained; current scenarios/postgres/02-isolation/lost-update-repeatable-read.yaml:24
C0971	base	scenarios/postgres/02-isolation/lost-update-repeatable-read.yaml:37	B	ROLLBACK	P21	Retained; current scenarios/postgres/02-isolation/lost-update-repeatable-read.yaml:35
C0972	base	scenarios/postgres/02-isolation/lost-update-repeatable-read.yaml:39	A	SELECT balance FROM accounts WHERE id = 1	P21	Retained; current scenarios/postgres/02-isolation/lost-update-repeatable-read.yaml:13
C0973	base	scenarios/postgres/02-isolation/lost-update-repeatable-read.yaml:40	expect	[{ balance: 110 }]	P21	Retained; current scenarios/postgres/02-isolation/lost-update-repeatable-read.yaml:38
C0974	base	scenarios/postgres/02-isolation/lost-update-repeatable-read.yaml:41	comment	A's deposit is safe; B retries and lands on 120	P21	Replaced or removed; resolved current scenarios/postgres/02-isolation/lost-update-repeatable-read.yaml (comment); see corresponding current units and audit decisions
C0975	base	scenarios/postgres/02-isolation/lost-update-repeatable-read.yaml:42	tl	SELECT balance → 110 — nothing lost, B retries	P21	Replaced or removed; resolved current scenarios/postgres/02-isolation/lost-update-repeatable-read.yaml (tl); see corresponding current units and audit decisions
C0976	base	scenarios/postgres/02-isolation/lost-update-repeatable-read.yaml:44	note	Retrying B from scratch reads the fresh 110 and correctly produces 120.	P21	Retained; current scenarios/postgres/02-isolation/lost-update-repeatable-read.yaml:42
C0977	current	scenarios/postgres/02-isolation/lost-update-repeatable-read.yaml:1	title	REPEATABLE READ rejects a stale deposit, then a fresh retry succeeds	P21	Demonstrated schedule explanation
C0978	current	scenarios/postgres/02-isolation/lost-update-repeatable-read.yaml:2	claim	In this schedule at REPEATABLE READ, B's stale UPDATE fails with 40001 after A commits 110; after ROLLBACK, B reads 110 in a fresh transaction and commits 120.	P21	Demonstrated schedule explanation
C0979	current	scenarios/postgres/02-isolation/lost-update-repeatable-read.yaml:4	anomaly	P4	P21	Executed SQL/assertion
C0980	current	scenarios/postgres/02-isolation/lost-update-repeatable-read.yaml:5	isolation	REPEATABLE READ	P21	Executed SQL/assertion
C0981	current	scenarios/postgres/02-isolation/lost-update-repeatable-read.yaml:6	setup	CREATE TABLE accounts (id int PRIMARY KEY, owner text NOT NULL, balance int NOT NULL); INSERT INTO accounts VALUES (1, 'alice', 100);	P21	Executed SQL/assertion
C0982	current	scenarios/postgres/02-isolation/lost-update-repeatable-read.yaml:11	note	The same two +10 deposits — but this time at REPEATABLE READ.	P21	Demonstrated schedule explanation
C0983	current	scenarios/postgres/02-isolation/lost-update-repeatable-read.yaml:12	A	BEGIN ISOLATION LEVEL REPEATABLE READ	P21	Executed SQL/assertion
C0984	current	scenarios/postgres/02-isolation/lost-update-repeatable-read.yaml:13	A	SELECT balance FROM accounts WHERE id = 1	P21	Executed SQL/assertion
C0985	current	scenarios/postgres/02-isolation/lost-update-repeatable-read.yaml:15	tl	SELECT balance → 100	P21	Demonstrated schedule explanation
C0986	current	scenarios/postgres/02-isolation/lost-update-repeatable-read.yaml:17	B	BEGIN ISOLATION LEVEL REPEATABLE READ	P21	Executed SQL/assertion
C0987	current	scenarios/postgres/02-isolation/lost-update-repeatable-read.yaml:18	B	SELECT balance FROM accounts WHERE id = 1	P21	Executed SQL/assertion
C0988	current	scenarios/postgres/02-isolation/lost-update-repeatable-read.yaml:19	expect	[{ balance: 100 }]	P21	Executed SQL/assertion
C0989	current	scenarios/postgres/02-isolation/lost-update-repeatable-read.yaml:21	tl	SELECT balance → 100 (B's pre-commit snapshot)	P21	Demonstrated schedule explanation
C0990	current	scenarios/postgres/02-isolation/lost-update-repeatable-read.yaml:23	A	UPDATE accounts SET balance = ${readA.balance} + 10 WHERE id = 1	P21	Executed SQL/assertion
C0991	current	scenarios/postgres/02-isolation/lost-update-repeatable-read.yaml:24	tl	UPDATE balance = 100 + 10	P21	Demonstrated schedule explanation
C0992	current	scenarios/postgres/02-isolation/lost-update-repeatable-read.yaml:25	A	COMMIT	P21	Executed SQL/assertion
C0993	current	scenarios/postgres/02-isolation/lost-update-repeatable-read.yaml:26	tl	COMMIT	P21	Demonstrated schedule explanation
C0994	current	scenarios/postgres/02-isolation/lost-update-repeatable-read.yaml:28	note	B's snapshot predates A's commit, so B's write is refused instead of silently clobbering it.	P21	Demonstrated schedule explanation
C0995	current	scenarios/postgres/02-isolation/lost-update-repeatable-read.yaml:31	B.fails	UPDATE accounts SET balance = ${readB.balance} + 10 WHERE id = 1	P21	Executed SQL/assertion
C0996	current	scenarios/postgres/02-isolation/lost-update-repeatable-read.yaml:32	error	"""40001"""	P21	Executed SQL/assertion
C0997	current	scenarios/postgres/02-isolation/lost-update-repeatable-read.yaml:33	comment	serialization_failure	P21	Demonstrated schedule explanation
C0998	current	scenarios/postgres/02-isolation/lost-update-repeatable-read.yaml:34	tl	UPDATE balance = 100 + 10	P21	Demonstrated schedule explanation
C0999	current	scenarios/postgres/02-isolation/lost-update-repeatable-read.yaml:35	B	ROLLBACK	P21	Executed SQL/assertion
C1000	current	scenarios/postgres/02-isolation/lost-update-repeatable-read.yaml:37	A	SELECT balance FROM accounts WHERE id = 1	P21	Executed SQL/assertion
C1001	current	scenarios/postgres/02-isolation/lost-update-repeatable-read.yaml:38	expect	[{ balance: 110 }]	P21	Executed SQL/assertion
C1002	current	scenarios/postgres/02-isolation/lost-update-repeatable-read.yaml:39	comment	only A's deposit has committed so far	P21	Demonstrated schedule explanation
C1003	current	scenarios/postgres/02-isolation/lost-update-repeatable-read.yaml:40	tl	SELECT balance → 110 ← B's deposit has not committed	P21	Demonstrated schedule explanation
C1004	current	scenarios/postgres/02-isolation/lost-update-repeatable-read.yaml:42	note	Retrying B from scratch reads the fresh 110 and correctly produces 120.	P21	Demonstrated schedule explanation
C1005	current	scenarios/postgres/02-isolation/lost-update-repeatable-read.yaml:44	B	BEGIN ISOLATION LEVEL REPEATABLE READ	P21	Executed SQL/assertion
C1006	current	scenarios/postgres/02-isolation/lost-update-repeatable-read.yaml:45	B	SELECT balance FROM accounts WHERE id = 1	P21	Executed SQL/assertion
C1007	current	scenarios/postgres/02-isolation/lost-update-repeatable-read.yaml:46	expect	[{ balance: 110 }]	P21	Executed SQL/assertion
C1008	current	scenarios/postgres/02-isolation/lost-update-repeatable-read.yaml:48	B	UPDATE accounts SET balance = ${retryB.balance} + 10 WHERE id = 1	P21	Executed SQL/assertion
C1009	current	scenarios/postgres/02-isolation/lost-update-repeatable-read.yaml:49	affected	1	P21	Executed SQL/assertion
C1010	current	scenarios/postgres/02-isolation/lost-update-repeatable-read.yaml:50	B	COMMIT	P21	Executed SQL/assertion
C1011	current	scenarios/postgres/02-isolation/lost-update-repeatable-read.yaml:51	A	SELECT balance FROM accounts WHERE id = 1	P21	Executed SQL/assertion
C1012	current	scenarios/postgres/02-isolation/lost-update-repeatable-read.yaml:52	expect	[{ balance: 120 }]	P21	Executed SQL/assertion
C1013	current	scenarios/postgres/02-isolation/lost-update-repeatable-read.yaml:53	tl	SELECT balance → 120 ← B's fresh retry committed	P21	Demonstrated schedule explanation
C1014	base	scenarios/postgres/02-isolation/no-dirty-reads.yaml:1	title	PostgreSQL has no dirty reads — not even at READ UNCOMMITTED	P22	Replaced or removed; resolved current scenarios/postgres/02-isolation/no-dirty-reads.yaml (title); see corresponding current units and audit decisions
C1015	base	scenarios/postgres/02-isolation/no-dirty-reads.yaml:2	claim	PostgreSQL accepts READ UNCOMMITTED syntax but behaves as READ COMMITTED: uncommitted changes from other transactions are never visible.	P22	Replaced or removed; resolved current scenarios/postgres/02-isolation/no-dirty-reads.yaml (claim); see corresponding current units and audit decisions
C1016	base	scenarios/postgres/02-isolation/no-dirty-reads.yaml:5	anomaly	G1a	P22	Retained; current scenarios/postgres/02-isolation/no-dirty-reads.yaml:4
C1017	base	scenarios/postgres/02-isolation/no-dirty-reads.yaml:6	isolation	READ UNCOMMITTED	P22	Retained; current scenarios/postgres/02-isolation/no-dirty-reads.yaml:5
C1018	base	scenarios/postgres/02-isolation/no-dirty-reads.yaml:7	setup	CREATE TABLE accounts (id int PRIMARY KEY, owner text NOT NULL, balance int NOT NULL); INSERT INTO accounts VALUES (1, 'alice', 100);	P22	Retained; current scenarios/postgres/02-isolation/no-dirty-reads.yaml:6
C1019	base	scenarios/postgres/02-isolation/no-dirty-reads.yaml:12	A	BEGIN	P22	Replaced or removed; resolved current scenarios/postgres/02-isolation/no-dirty-reads.yaml (A); see corresponding current units and audit decisions
C1020	base	scenarios/postgres/02-isolation/no-dirty-reads.yaml:13	A	UPDATE accounts SET balance = 999 WHERE id = 1	P22	Retained; current scenarios/postgres/02-isolation/no-dirty-reads.yaml:12
C1021	base	scenarios/postgres/02-isolation/no-dirty-reads.yaml:14	tl	UPDATE balance = 999 (uncommitted)	P22	Retained; current scenarios/postgres/02-isolation/no-dirty-reads.yaml:13
C1022	base	scenarios/postgres/02-isolation/no-dirty-reads.yaml:16	note	B explicitly requests READ UNCOMMITTED — the one level that would permit dirty reads.	P22	Retained; current scenarios/postgres/02-isolation/no-dirty-reads.yaml:15
C1023	base	scenarios/postgres/02-isolation/no-dirty-reads.yaml:19	B	BEGIN ISOLATION LEVEL READ UNCOMMITTED	P22	Retained; current scenarios/postgres/02-isolation/no-dirty-reads.yaml:18
C1024	base	scenarios/postgres/02-isolation/no-dirty-reads.yaml:20	B	SELECT current_setting('transaction_isolation') AS isolation	P22	Retained; current scenarios/postgres/02-isolation/no-dirty-reads.yaml:19
C1025	base	scenarios/postgres/02-isolation/no-dirty-reads.yaml:21	expect	"[{ isolation: ""read uncommitted"" }]"	P22	Retained; current scenarios/postgres/02-isolation/no-dirty-reads.yaml:20
C1026	base	scenarios/postgres/02-isolation/no-dirty-reads.yaml:22	comment	the setting is accepted…	P22	Retained; current scenarios/postgres/02-isolation/no-dirty-reads.yaml:21
C1027	base	scenarios/postgres/02-isolation/no-dirty-reads.yaml:23	tl	isolation = read uncommitted ← setting accepted	P22	Retained; current scenarios/postgres/02-isolation/no-dirty-reads.yaml:22
C1028	base	scenarios/postgres/02-isolation/no-dirty-reads.yaml:24	B	SELECT balance FROM accounts WHERE id = 1	P22	Retained; current scenarios/postgres/02-isolation/no-dirty-reads.yaml:23
C1029	base	scenarios/postgres/02-isolation/no-dirty-reads.yaml:25	expect	[{ balance: 100 }]	P22	Retained; current scenarios/postgres/02-isolation/no-dirty-reads.yaml:24
C1030	base	scenarios/postgres/02-isolation/no-dirty-reads.yaml:26	comment	…but A's uncommitted 999 stays invisible	P22	Retained; current scenarios/postgres/02-isolation/no-dirty-reads.yaml:25
C1031	base	scenarios/postgres/02-isolation/no-dirty-reads.yaml:27	tl	SELECT → 100 ← A's 999 stays invisible	P22	Retained; current scenarios/postgres/02-isolation/no-dirty-reads.yaml:26
C1032	base	scenarios/postgres/02-isolation/no-dirty-reads.yaml:29	B	COMMIT	P22	Retained; current scenarios/postgres/02-isolation/no-dirty-reads.yaml:28
C1033	base	scenarios/postgres/02-isolation/no-dirty-reads.yaml:30	A	ROLLBACK	P22	Retained; current scenarios/postgres/02-isolation/no-dirty-reads.yaml:29
C1034	current	scenarios/postgres/02-isolation/no-dirty-reads.yaml:1	title	READ UNCOMMITTED does not expose this uncommitted UPDATE	P22	Demonstrated schedule explanation
C1035	current	scenarios/postgres/02-isolation/no-dirty-reads.yaml:2	claim	B accepts the READ UNCOMMITTED setting but its plain SELECT reads the committed 100 rather than A's uncommitted 999, which A later rolls back.	P22	Demonstrated schedule explanation
C1036	current	scenarios/postgres/02-isolation/no-dirty-reads.yaml:4	anomaly	G1a	P22	Executed SQL/assertion
C1037	current	scenarios/postgres/02-isolation/no-dirty-reads.yaml:5	isolation	READ UNCOMMITTED	P22	Executed SQL/assertion
C1038	current	scenarios/postgres/02-isolation/no-dirty-reads.yaml:6	setup	CREATE TABLE accounts (id int PRIMARY KEY, owner text NOT NULL, balance int NOT NULL); INSERT INTO accounts VALUES (1, 'alice', 100);	P22	Executed SQL/assertion
C1039	current	scenarios/postgres/02-isolation/no-dirty-reads.yaml:11	A	BEGIN ISOLATION LEVEL READ COMMITTED	P22	Executed SQL/assertion
C1040	current	scenarios/postgres/02-isolation/no-dirty-reads.yaml:12	A	UPDATE accounts SET balance = 999 WHERE id = 1	P22	Executed SQL/assertion
C1041	current	scenarios/postgres/02-isolation/no-dirty-reads.yaml:13	tl	UPDATE balance = 999 (uncommitted)	P22	Demonstrated schedule explanation
C1042	current	scenarios/postgres/02-isolation/no-dirty-reads.yaml:15	note	B explicitly requests READ UNCOMMITTED — the one level that would permit dirty reads.	P22	Demonstrated schedule explanation
C1043	current	scenarios/postgres/02-isolation/no-dirty-reads.yaml:18	B	BEGIN ISOLATION LEVEL READ UNCOMMITTED	P22	Executed SQL/assertion
C1044	current	scenarios/postgres/02-isolation/no-dirty-reads.yaml:19	B	SELECT current_setting('transaction_isolation') AS isolation	P22	Executed SQL/assertion
C1045	current	scenarios/postgres/02-isolation/no-dirty-reads.yaml:20	expect	"[{ isolation: ""read uncommitted"" }]"	P22	Executed SQL/assertion
C1046	current	scenarios/postgres/02-isolation/no-dirty-reads.yaml:21	comment	the setting is accepted…	P22	Demonstrated schedule explanation
C1047	current	scenarios/postgres/02-isolation/no-dirty-reads.yaml:22	tl	isolation = read uncommitted ← setting accepted	P22	Demonstrated schedule explanation
C1048	current	scenarios/postgres/02-isolation/no-dirty-reads.yaml:23	B	SELECT balance FROM accounts WHERE id = 1	P22	Executed SQL/assertion
C1049	current	scenarios/postgres/02-isolation/no-dirty-reads.yaml:24	expect	[{ balance: 100 }]	P22	Executed SQL/assertion
C1050	current	scenarios/postgres/02-isolation/no-dirty-reads.yaml:25	comment	…but A's uncommitted 999 stays invisible	P22	Demonstrated schedule explanation
C1051	current	scenarios/postgres/02-isolation/no-dirty-reads.yaml:26	tl	SELECT → 100 ← A's 999 stays invisible	P22	Demonstrated schedule explanation
C1052	current	scenarios/postgres/02-isolation/no-dirty-reads.yaml:28	B	COMMIT	P22	Executed SQL/assertion
C1053	current	scenarios/postgres/02-isolation/no-dirty-reads.yaml:29	A	ROLLBACK	P22	Executed SQL/assertion
C1054	base	scenarios/postgres/02-isolation/non-repeatable-read.yaml:1	title	Non-repeatable read under READ COMMITTED	P23	Retained; current scenarios/postgres/02-isolation/non-repeatable-read.yaml:1
C1055	base	scenarios/postgres/02-isolation/non-repeatable-read.yaml:2	claim	At READ COMMITTED, a transaction can read two different values for the same row — other transactions' commits become visible between its statements.	P23	Replaced or removed; resolved current scenarios/postgres/02-isolation/non-repeatable-read.yaml (claim); see corresponding current units and audit decisions
C1056	base	scenarios/postgres/02-isolation/non-repeatable-read.yaml:5	anomaly	P2	P23	Retained; current scenarios/postgres/02-isolation/non-repeatable-read.yaml:4
C1057	base	scenarios/postgres/02-isolation/non-repeatable-read.yaml:6	isolation	READ COMMITTED	P23	Retained; current scenarios/postgres/02-isolation/non-repeatable-read.yaml:5
C1058	base	scenarios/postgres/02-isolation/non-repeatable-read.yaml:7	setup	CREATE TABLE accounts (id int PRIMARY KEY, owner text NOT NULL, balance int NOT NULL); INSERT INTO accounts VALUES (1, 'alice', 100);	P23	Retained; current scenarios/postgres/02-isolation/non-repeatable-read.yaml:6
C1059	base	scenarios/postgres/02-isolation/non-repeatable-read.yaml:12	A	BEGIN ISOLATION LEVEL READ COMMITTED	P23	Retained; current scenarios/postgres/02-isolation/non-repeatable-read.yaml:11
C1060	base	scenarios/postgres/02-isolation/non-repeatable-read.yaml:13	A	SELECT balance FROM accounts WHERE id = 1	P23	Retained; current scenarios/postgres/02-isolation/non-repeatable-read.yaml:12
C1061	base	scenarios/postgres/02-isolation/non-repeatable-read.yaml:14	expect	[{ balance: 100 }]	P23	Retained; current scenarios/postgres/02-isolation/non-repeatable-read.yaml:13
C1062	base	scenarios/postgres/02-isolation/non-repeatable-read.yaml:15	tl	SELECT balance → 100	P23	Retained; current scenarios/postgres/02-isolation/non-repeatable-read.yaml:14
C1063	base	scenarios/postgres/02-isolation/non-repeatable-read.yaml:17	note	While A's transaction is still open, B updates the row and commits.	P23	Retained; current scenarios/postgres/02-isolation/non-repeatable-read.yaml:16
C1064	base	scenarios/postgres/02-isolation/non-repeatable-read.yaml:18	B	UPDATE accounts SET balance = 200 WHERE id = 1	P23	Retained; current scenarios/postgres/02-isolation/non-repeatable-read.yaml:17
C1065	base	scenarios/postgres/02-isolation/non-repeatable-read.yaml:19	tl	UPDATE balance = 200 (autocommit)	P23	Retained; current scenarios/postgres/02-isolation/non-repeatable-read.yaml:18
C1066	base	scenarios/postgres/02-isolation/non-repeatable-read.yaml:20	A	SELECT balance FROM accounts WHERE id = 1	P23	Retained; current scenarios/postgres/02-isolation/non-repeatable-read.yaml:12
C1067	base	scenarios/postgres/02-isolation/non-repeatable-read.yaml:21	expect	[{ balance: 200 }]	P23	Retained; current scenarios/postgres/02-isolation/non-repeatable-read.yaml:20
C1068	base	scenarios/postgres/02-isolation/non-repeatable-read.yaml:22	comment	same query, same transaction — different answer	P23	Retained; current scenarios/postgres/02-isolation/non-repeatable-read.yaml:21
C1069	base	scenarios/postgres/02-isolation/non-repeatable-read.yaml:23	tl	SELECT balance → 200 — same txn, different answer	P23	Retained; current scenarios/postgres/02-isolation/non-repeatable-read.yaml:22
C1070	base	scenarios/postgres/02-isolation/non-repeatable-read.yaml:24	A	COMMIT	P23	Retained; current scenarios/postgres/02-isolation/non-repeatable-read.yaml:23
C1071	base	scenarios/postgres/02-isolation/non-repeatable-read.yaml:26	note	Readers never block — but writers do. The same interleaving with UPDATEs makes B wait for A's row lock.	P23	Replaced or removed; resolved current scenarios/postgres/02-isolation/non-repeatable-read.yaml (note); see corresponding current units and audit decisions
C1072	base	scenarios/postgres/02-isolation/non-repeatable-read.yaml:29	A	BEGIN	P23	Replaced or removed; resolved current scenarios/postgres/02-isolation/non-repeatable-read.yaml (A); see corresponding current units and audit decisions
C1073	base	scenarios/postgres/02-isolation/non-repeatable-read.yaml:30	A	UPDATE accounts SET balance = 300 WHERE id = 1	P23	Retained; current scenarios/postgres/02-isolation/non-repeatable-read.yaml:30
C1074	base	scenarios/postgres/02-isolation/non-repeatable-read.yaml:31	B	UPDATE accounts SET balance = 400 WHERE id = 1	P23	Retained; current scenarios/postgres/02-isolation/non-repeatable-read.yaml:31
C1075	base	scenarios/postgres/02-isolation/non-repeatable-read.yaml:32	blocks	p1	P23	Retained; current scenarios/postgres/02-isolation/non-repeatable-read.yaml:32
C1076	base	scenarios/postgres/02-isolation/non-repeatable-read.yaml:33	A	COMMIT	P23	Retained; current scenarios/postgres/02-isolation/non-repeatable-read.yaml:23
C1077	base	scenarios/postgres/02-isolation/non-repeatable-read.yaml:34	comment	releases the row lock	P23	Retained; current scenarios/postgres/02-isolation/non-repeatable-read.yaml:34
C1078	base	scenarios/postgres/02-isolation/non-repeatable-read.yaml:35	success	p1	P23	Retained; current scenarios/postgres/02-isolation/non-repeatable-read.yaml:35
C1079	base	scenarios/postgres/02-isolation/non-repeatable-read.yaml:36	B	SELECT balance FROM accounts WHERE id = 1	P23	Retained; current scenarios/postgres/02-isolation/non-repeatable-read.yaml:36
C1080	base	scenarios/postgres/02-isolation/non-repeatable-read.yaml:37	expect	[{ balance: 400 }]	P23	Retained; current scenarios/postgres/02-isolation/non-repeatable-read.yaml:37
C1081	base	scenarios/postgres/02-isolation/non-repeatable-read.yaml:38	comment	B's write landed on top of A's committed 300	P23	Retained; current scenarios/postgres/02-isolation/non-repeatable-read.yaml:38
C1082	current	scenarios/postgres/02-isolation/non-repeatable-read.yaml:1	title	Non-repeatable read under READ COMMITTED	P23	Demonstrated schedule explanation
C1083	current	scenarios/postgres/02-isolation/non-repeatable-read.yaml:2	claim	A's plain SELECTs at READ COMMITTED return 100 and then 200 around B's committed UPDATE; in the following writer schedule, B waits for A's row lock before committing 400.	P23	Demonstrated schedule explanation
C1084	current	scenarios/postgres/02-isolation/non-repeatable-read.yaml:4	anomaly	P2	P23	Executed SQL/assertion
C1085	current	scenarios/postgres/02-isolation/non-repeatable-read.yaml:5	isolation	READ COMMITTED	P23	Executed SQL/assertion
C1086	current	scenarios/postgres/02-isolation/non-repeatable-read.yaml:6	setup	CREATE TABLE accounts (id int PRIMARY KEY, owner text NOT NULL, balance int NOT NULL); INSERT INTO accounts VALUES (1, 'alice', 100);	P23	Executed SQL/assertion
C1087	current	scenarios/postgres/02-isolation/non-repeatable-read.yaml:11	A	BEGIN ISOLATION LEVEL READ COMMITTED	P23	Executed SQL/assertion
C1088	current	scenarios/postgres/02-isolation/non-repeatable-read.yaml:12	A	SELECT balance FROM accounts WHERE id = 1	P23	Executed SQL/assertion
C1089	current	scenarios/postgres/02-isolation/non-repeatable-read.yaml:13	expect	[{ balance: 100 }]	P23	Executed SQL/assertion
C1090	current	scenarios/postgres/02-isolation/non-repeatable-read.yaml:14	tl	SELECT balance → 100	P23	Demonstrated schedule explanation
C1091	current	scenarios/postgres/02-isolation/non-repeatable-read.yaml:16	note	While A's transaction is still open, B updates the row and commits.	P23	Demonstrated schedule explanation
C1092	current	scenarios/postgres/02-isolation/non-repeatable-read.yaml:17	B	UPDATE accounts SET balance = 200 WHERE id = 1	P23	Executed SQL/assertion
C1093	current	scenarios/postgres/02-isolation/non-repeatable-read.yaml:18	tl	UPDATE balance = 200 (autocommit)	P23	Demonstrated schedule explanation
C1094	current	scenarios/postgres/02-isolation/non-repeatable-read.yaml:19	A	SELECT balance FROM accounts WHERE id = 1	P23	Executed SQL/assertion
C1095	current	scenarios/postgres/02-isolation/non-repeatable-read.yaml:20	expect	[{ balance: 200 }]	P23	Executed SQL/assertion
C1096	current	scenarios/postgres/02-isolation/non-repeatable-read.yaml:21	comment	same query, same transaction — different answer	P23	Demonstrated schedule explanation
C1097	current	scenarios/postgres/02-isolation/non-repeatable-read.yaml:22	tl	SELECT balance → 200 — same txn, different answer	P23	Demonstrated schedule explanation
C1098	current	scenarios/postgres/02-isolation/non-repeatable-read.yaml:23	A	COMMIT	P23	Executed SQL/assertion
C1099	current	scenarios/postgres/02-isolation/non-repeatable-read.yaml:25	note	The plain SELECTs above did not wait for a row lock. The following UPDATE of the same row makes B wait for A's row lock; SELECT can still wait for conflicting table locks.	P23	Demonstrated schedule explanation
C1100	current	scenarios/postgres/02-isolation/non-repeatable-read.yaml:29	A	BEGIN ISOLATION LEVEL READ COMMITTED	P23	Executed SQL/assertion
C1101	current	scenarios/postgres/02-isolation/non-repeatable-read.yaml:30	A	UPDATE accounts SET balance = 300 WHERE id = 1	P23	Executed SQL/assertion
C1102	current	scenarios/postgres/02-isolation/non-repeatable-read.yaml:31	B	UPDATE accounts SET balance = 400 WHERE id = 1	P23	Executed SQL/assertion
C1103	current	scenarios/postgres/02-isolation/non-repeatable-read.yaml:32	blocks	p1	P23	Executed SQL/assertion
C1104	current	scenarios/postgres/02-isolation/non-repeatable-read.yaml:33	A	COMMIT	P23	Executed SQL/assertion
C1105	current	scenarios/postgres/02-isolation/non-repeatable-read.yaml:34	comment	releases the row lock	P23	Demonstrated schedule explanation
C1106	current	scenarios/postgres/02-isolation/non-repeatable-read.yaml:35	success	p1	P23	Executed SQL/assertion
C1107	current	scenarios/postgres/02-isolation/non-repeatable-read.yaml:36	B	SELECT balance FROM accounts WHERE id = 1	P23	Executed SQL/assertion
C1108	current	scenarios/postgres/02-isolation/non-repeatable-read.yaml:37	expect	[{ balance: 400 }]	P23	Executed SQL/assertion
C1109	current	scenarios/postgres/02-isolation/non-repeatable-read.yaml:38	comment	B's write landed on top of A's committed 300	P23	Demonstrated schedule explanation
C1110	base	scenarios/postgres/02-isolation/observed-transaction-vanishes.yaml:1	title	A committed transaction never half-vanishes	P24	Replaced or removed; resolved current scenarios/postgres/02-isolation/observed-transaction-vanishes.yaml (title); see corresponding current units and audit decisions
C1111	base	scenarios/postgres/02-isolation/observed-transaction-vanishes.yaml:2	claim	"Once a transaction commits, every reader sees ALL of its writes or none (Adya's OTV, ""observed transaction vanishes""): a later overwrite of one row cannot make the rest of the committed transaction disappear."	P24	Replaced or removed; resolved current scenarios/postgres/02-isolation/observed-transaction-vanishes.yaml (claim); see corresponding current units and audit decisions
C1112	base	scenarios/postgres/02-isolation/observed-transaction-vanishes.yaml:6	anomaly	OTV	P24	Retained; current scenarios/postgres/02-isolation/observed-transaction-vanishes.yaml:4
C1113	base	scenarios/postgres/02-isolation/observed-transaction-vanishes.yaml:7	setup	CREATE TABLE accounts (id int PRIMARY KEY, owner text NOT NULL, balance int NOT NULL); INSERT INTO accounts VALUES (1, 'alice', 100), (2, 'bob', 100);	P24	Retained; current scenarios/postgres/02-isolation/observed-transaction-vanishes.yaml:5
C1114	base	scenarios/postgres/02-isolation/observed-transaction-vanishes.yaml:12	note	A rewrites both balances. B will overwrite one of them right after.	P24	Retained; current scenarios/postgres/02-isolation/observed-transaction-vanishes.yaml:10
C1115	base	scenarios/postgres/02-isolation/observed-transaction-vanishes.yaml:13	A	BEGIN	P24	Replaced or removed; resolved current scenarios/postgres/02-isolation/observed-transaction-vanishes.yaml (A); see corresponding current units and audit decisions
C1116	base	scenarios/postgres/02-isolation/observed-transaction-vanishes.yaml:14	A	UPDATE accounts SET balance = 11 WHERE id = 1	P24	Retained; current scenarios/postgres/02-isolation/observed-transaction-vanishes.yaml:12
C1117	base	scenarios/postgres/02-isolation/observed-transaction-vanishes.yaml:15	tl	UPDATE alice = 11	P24	Retained; current scenarios/postgres/02-isolation/observed-transaction-vanishes.yaml:13
C1118	base	scenarios/postgres/02-isolation/observed-transaction-vanishes.yaml:16	A	UPDATE accounts SET balance = 19 WHERE id = 2	P24	Retained; current scenarios/postgres/02-isolation/observed-transaction-vanishes.yaml:14
C1119	base	scenarios/postgres/02-isolation/observed-transaction-vanishes.yaml:17	tl	UPDATE bob = 19	P24	Retained; current scenarios/postgres/02-isolation/observed-transaction-vanishes.yaml:15
C1120	base	scenarios/postgres/02-isolation/observed-transaction-vanishes.yaml:19	B	BEGIN	P24	Replaced or removed; resolved current scenarios/postgres/02-isolation/observed-transaction-vanishes.yaml (B); see corresponding current units and audit decisions
C1121	base	scenarios/postgres/02-isolation/observed-transaction-vanishes.yaml:20	B	UPDATE accounts SET balance = 12 WHERE id = 1	P24	Retained; current scenarios/postgres/02-isolation/observed-transaction-vanishes.yaml:18
C1122	base	scenarios/postgres/02-isolation/observed-transaction-vanishes.yaml:21	blocks	p1	P24	Retained; current scenarios/postgres/02-isolation/observed-transaction-vanishes.yaml:19
C1123	base	scenarios/postgres/02-isolation/observed-transaction-vanishes.yaml:22	tl	UPDATE alice = 12	P24	Retained; current scenarios/postgres/02-isolation/observed-transaction-vanishes.yaml:20
C1124	base	scenarios/postgres/02-isolation/observed-transaction-vanishes.yaml:23	A	COMMIT	P24	Retained; current scenarios/postgres/02-isolation/observed-transaction-vanishes.yaml:21
C1125	base	scenarios/postgres/02-isolation/observed-transaction-vanishes.yaml:24	comment	A's lock released — B's overwrite of alice proceeds	P24	Retained; current scenarios/postgres/02-isolation/observed-transaction-vanishes.yaml:22
C1126	base	scenarios/postgres/02-isolation/observed-transaction-vanishes.yaml:25	tl	COMMIT ← lock released, B proceeds	P24	Retained; current scenarios/postgres/02-isolation/observed-transaction-vanishes.yaml:23
C1127	base	scenarios/postgres/02-isolation/observed-transaction-vanishes.yaml:26	success	p1	P24	Retained; current scenarios/postgres/02-isolation/observed-transaction-vanishes.yaml:24
C1128	base	scenarios/postgres/02-isolation/observed-transaction-vanishes.yaml:28	note	C now watches from the side. B holds an uncommitted overwrite of alice — but A's committed transaction must still be visible in full.	P24	Retained; current scenarios/postgres/02-isolation/observed-transaction-vanishes.yaml:26
C1129	base	scenarios/postgres/02-isolation/observed-transaction-vanishes.yaml:31	C	SELECT id, balance FROM accounts ORDER BY id	P24	Retained; current scenarios/postgres/02-isolation/observed-transaction-vanishes.yaml:29
C1130	base	scenarios/postgres/02-isolation/observed-transaction-vanishes.yaml:32	expect	[{ id: 1, balance: 11 }, { id: 2, balance: 19 }]	P24	Retained; current scenarios/postgres/02-isolation/observed-transaction-vanishes.yaml:30
C1131	base	scenarios/postgres/02-isolation/observed-transaction-vanishes.yaml:33	comment	A's writes appear together — 11 AND 19	P24	Retained; current scenarios/postgres/02-isolation/observed-transaction-vanishes.yaml:31
C1132	base	scenarios/postgres/02-isolation/observed-transaction-vanishes.yaml:34	tl	SELECT → 11, 19 ← all of A, together	P24	Retained; current scenarios/postgres/02-isolation/observed-transaction-vanishes.yaml:32
C1133	base	scenarios/postgres/02-isolation/observed-transaction-vanishes.yaml:36	B	UPDATE accounts SET balance = 18 WHERE id = 2	P24	Retained; current scenarios/postgres/02-isolation/observed-transaction-vanishes.yaml:34
C1134	base	scenarios/postgres/02-isolation/observed-transaction-vanishes.yaml:37	tl	UPDATE bob = 18 (uncommitted)	P24	Retained; current scenarios/postgres/02-isolation/observed-transaction-vanishes.yaml:35
C1135	base	scenarios/postgres/02-isolation/observed-transaction-vanishes.yaml:38	C	SELECT id, balance FROM accounts ORDER BY id	P24	Retained; current scenarios/postgres/02-isolation/observed-transaction-vanishes.yaml:29
C1136	base	scenarios/postgres/02-isolation/observed-transaction-vanishes.yaml:39	expect	[{ id: 1, balance: 11 }, { id: 2, balance: 19 }]	P24	Retained; current scenarios/postgres/02-isolation/observed-transaction-vanishes.yaml:30
C1137	base	scenarios/postgres/02-isolation/observed-transaction-vanishes.yaml:40	comment	B's drafts change nothing for C	P24	Retained; current scenarios/postgres/02-isolation/observed-transaction-vanishes.yaml:38
C1138	base	scenarios/postgres/02-isolation/observed-transaction-vanishes.yaml:41	tl	SELECT → 11, 19 ← B's drafts don't count	P24	Retained; current scenarios/postgres/02-isolation/observed-transaction-vanishes.yaml:39
C1139	base	scenarios/postgres/02-isolation/observed-transaction-vanishes.yaml:43	B	COMMIT	P24	Retained; current scenarios/postgres/02-isolation/observed-transaction-vanishes.yaml:41
C1140	base	scenarios/postgres/02-isolation/observed-transaction-vanishes.yaml:44	tl	COMMIT	P24	Retained; current scenarios/postgres/02-isolation/observed-transaction-vanishes.yaml:42
C1141	base	scenarios/postgres/02-isolation/observed-transaction-vanishes.yaml:45	C	SELECT id, balance FROM accounts ORDER BY id	P24	Retained; current scenarios/postgres/02-isolation/observed-transaction-vanishes.yaml:29
C1142	base	scenarios/postgres/02-isolation/observed-transaction-vanishes.yaml:46	expect	[{ id: 1, balance: 12 }, { id: 2, balance: 18 }]	P24	Retained; current scenarios/postgres/02-isolation/observed-transaction-vanishes.yaml:44
C1143	base	scenarios/postgres/02-isolation/observed-transaction-vanishes.yaml:47	comment	only now does C move on — to ALL of B, atomically	P24	Retained; current scenarios/postgres/02-isolation/observed-transaction-vanishes.yaml:45
C1144	base	scenarios/postgres/02-isolation/observed-transaction-vanishes.yaml:48	tl	SELECT → 12, 18 ← now all of B, atomically	P24	Retained; current scenarios/postgres/02-isolation/observed-transaction-vanishes.yaml:46
C1145	current	scenarios/postgres/02-isolation/observed-transaction-vanishes.yaml:1	title	Committed rows remain visible during an uncommitted overwrite	P24	Demonstrated schedule explanation
C1146	current	scenarios/postgres/02-isolation/observed-transaction-vanishes.yaml:2	claim	C's plain SELECTs at READ COMMITTED see both of A's committed balances while B's overwrites are uncommitted; after B commits both changes, C's next SELECT sees both of B's balances.	P24	Demonstrated schedule explanation
C1147	current	scenarios/postgres/02-isolation/observed-transaction-vanishes.yaml:4	anomaly	OTV	P24	Executed SQL/assertion
C1148	current	scenarios/postgres/02-isolation/observed-transaction-vanishes.yaml:5	setup	CREATE TABLE accounts (id int PRIMARY KEY, owner text NOT NULL, balance int NOT NULL); INSERT INTO accounts VALUES (1, 'alice', 100), (2, 'bob', 100);	P24	Executed SQL/assertion
C1149	current	scenarios/postgres/02-isolation/observed-transaction-vanishes.yaml:10	note	A rewrites both balances. B will overwrite one of them right after.	P24	Demonstrated schedule explanation
C1150	current	scenarios/postgres/02-isolation/observed-transaction-vanishes.yaml:11	A	BEGIN ISOLATION LEVEL READ COMMITTED	P24	Executed SQL/assertion
C1151	current	scenarios/postgres/02-isolation/observed-transaction-vanishes.yaml:12	A	UPDATE accounts SET balance = 11 WHERE id = 1	P24	Executed SQL/assertion
C1152	current	scenarios/postgres/02-isolation/observed-transaction-vanishes.yaml:13	tl	UPDATE alice = 11	P24	Demonstrated schedule explanation
C1153	current	scenarios/postgres/02-isolation/observed-transaction-vanishes.yaml:14	A	UPDATE accounts SET balance = 19 WHERE id = 2	P24	Executed SQL/assertion
C1154	current	scenarios/postgres/02-isolation/observed-transaction-vanishes.yaml:15	tl	UPDATE bob = 19	P24	Demonstrated schedule explanation
C1155	current	scenarios/postgres/02-isolation/observed-transaction-vanishes.yaml:17	B	BEGIN ISOLATION LEVEL READ COMMITTED	P24	Executed SQL/assertion
C1156	current	scenarios/postgres/02-isolation/observed-transaction-vanishes.yaml:18	B	UPDATE accounts SET balance = 12 WHERE id = 1	P24	Executed SQL/assertion
C1157	current	scenarios/postgres/02-isolation/observed-transaction-vanishes.yaml:19	blocks	p1	P24	Executed SQL/assertion
C1158	current	scenarios/postgres/02-isolation/observed-transaction-vanishes.yaml:20	tl	UPDATE alice = 12	P24	Demonstrated schedule explanation
C1159	current	scenarios/postgres/02-isolation/observed-transaction-vanishes.yaml:21	A	COMMIT	P24	Executed SQL/assertion
C1160	current	scenarios/postgres/02-isolation/observed-transaction-vanishes.yaml:22	comment	A's lock released — B's overwrite of alice proceeds	P24	Demonstrated schedule explanation
C1161	current	scenarios/postgres/02-isolation/observed-transaction-vanishes.yaml:23	tl	COMMIT ← lock released, B proceeds	P24	Demonstrated schedule explanation
C1162	current	scenarios/postgres/02-isolation/observed-transaction-vanishes.yaml:24	success	p1	P24	Executed SQL/assertion
C1163	current	scenarios/postgres/02-isolation/observed-transaction-vanishes.yaml:26	note	C now watches from the side. B holds an uncommitted overwrite of alice — but A's committed transaction must still be visible in full.	P24	Demonstrated schedule explanation
C1164	current	scenarios/postgres/02-isolation/observed-transaction-vanishes.yaml:29	C	SELECT id, balance FROM accounts ORDER BY id	P24	Executed SQL/assertion
C1165	current	scenarios/postgres/02-isolation/observed-transaction-vanishes.yaml:30	expect	[{ id: 1, balance: 11 }, { id: 2, balance: 19 }]	P24	Executed SQL/assertion
C1166	current	scenarios/postgres/02-isolation/observed-transaction-vanishes.yaml:31	comment	A's writes appear together — 11 AND 19	P24	Demonstrated schedule explanation
C1167	current	scenarios/postgres/02-isolation/observed-transaction-vanishes.yaml:32	tl	SELECT → 11, 19 ← all of A, together	P24	Demonstrated schedule explanation
C1168	current	scenarios/postgres/02-isolation/observed-transaction-vanishes.yaml:34	B	UPDATE accounts SET balance = 18 WHERE id = 2	P24	Executed SQL/assertion
C1169	current	scenarios/postgres/02-isolation/observed-transaction-vanishes.yaml:35	tl	UPDATE bob = 18 (uncommitted)	P24	Demonstrated schedule explanation
C1170	current	scenarios/postgres/02-isolation/observed-transaction-vanishes.yaml:36	C	SELECT id, balance FROM accounts ORDER BY id	P24	Executed SQL/assertion
C1171	current	scenarios/postgres/02-isolation/observed-transaction-vanishes.yaml:37	expect	[{ id: 1, balance: 11 }, { id: 2, balance: 19 }]	P24	Executed SQL/assertion
C1172	current	scenarios/postgres/02-isolation/observed-transaction-vanishes.yaml:38	comment	B's drafts change nothing for C	P24	Demonstrated schedule explanation
C1173	current	scenarios/postgres/02-isolation/observed-transaction-vanishes.yaml:39	tl	SELECT → 11, 19 ← B's drafts don't count	P24	Demonstrated schedule explanation
C1174	current	scenarios/postgres/02-isolation/observed-transaction-vanishes.yaml:41	B	COMMIT	P24	Executed SQL/assertion
C1175	current	scenarios/postgres/02-isolation/observed-transaction-vanishes.yaml:42	tl	COMMIT	P24	Demonstrated schedule explanation
C1176	current	scenarios/postgres/02-isolation/observed-transaction-vanishes.yaml:43	C	SELECT id, balance FROM accounts ORDER BY id	P24	Executed SQL/assertion
C1177	current	scenarios/postgres/02-isolation/observed-transaction-vanishes.yaml:44	expect	[{ id: 1, balance: 12 }, { id: 2, balance: 18 }]	P24	Executed SQL/assertion
C1178	current	scenarios/postgres/02-isolation/observed-transaction-vanishes.yaml:45	comment	only now does C move on — to ALL of B, atomically	P24	Demonstrated schedule explanation
C1179	current	scenarios/postgres/02-isolation/observed-transaction-vanishes.yaml:46	tl	SELECT → 12, 18 ← now all of B, atomically	P24	Demonstrated schedule explanation
C1180	base	scenarios/postgres/02-isolation/phantom-read.yaml:1	title	Phantom read under READ COMMITTED	P25	Retained; current scenarios/postgres/02-isolation/phantom-read.yaml:1
C1181	base	scenarios/postgres/02-isolation/phantom-read.yaml:2	claim	At READ COMMITTED, re-running the same range query inside one transaction can return rows that weren't there before — phantoms.	P25	Replaced or removed; resolved current scenarios/postgres/02-isolation/phantom-read.yaml (claim); see corresponding current units and audit decisions
C1182	base	scenarios/postgres/02-isolation/phantom-read.yaml:5	anomaly	PMP	P25	Retained; current scenarios/postgres/02-isolation/phantom-read.yaml:4
C1183	base	scenarios/postgres/02-isolation/phantom-read.yaml:6	isolation	READ COMMITTED	P25	Retained; current scenarios/postgres/02-isolation/phantom-read.yaml:5
C1184	base	scenarios/postgres/02-isolation/phantom-read.yaml:7	setup	CREATE TABLE orders (id int PRIMARY KEY, amount int NOT NULL); INSERT INTO orders VALUES (1, 500), (2, 300);	P25	Retained; current scenarios/postgres/02-isolation/phantom-read.yaml:6
C1185	base	scenarios/postgres/02-isolation/phantom-read.yaml:12	note	A computes a report twice inside one transaction: count first, then the total.	P25	Retained; current scenarios/postgres/02-isolation/phantom-read.yaml:11
C1186	base	scenarios/postgres/02-isolation/phantom-read.yaml:15	A	BEGIN ISOLATION LEVEL READ COMMITTED	P25	Retained; current scenarios/postgres/02-isolation/phantom-read.yaml:14
C1187	base	scenarios/postgres/02-isolation/phantom-read.yaml:16	A	SELECT count(*)::int AS n FROM orders WHERE amount >= 100	P25	Retained; current scenarios/postgres/02-isolation/phantom-read.yaml:15
C1188	base	scenarios/postgres/02-isolation/phantom-read.yaml:17	expect	[{ n: 2 }]	P25	Retained; current scenarios/postgres/02-isolation/phantom-read.yaml:16
C1189	base	scenarios/postgres/02-isolation/phantom-read.yaml:18	tl	SELECT count → 2	P25	Retained; current scenarios/postgres/02-isolation/phantom-read.yaml:17
C1190	base	scenarios/postgres/02-isolation/phantom-read.yaml:20	note	Between A's two statements, B commits a new order that matches A's WHERE clause.	P25	Retained; current scenarios/postgres/02-isolation/phantom-read.yaml:19
C1191	base	scenarios/postgres/02-isolation/phantom-read.yaml:23	B	INSERT INTO orders VALUES (3, 700)	P25	Retained; current scenarios/postgres/02-isolation/phantom-read.yaml:22
C1192	base	scenarios/postgres/02-isolation/phantom-read.yaml:24	tl	INSERT order 3 (700), committed	P25	Retained; current scenarios/postgres/02-isolation/phantom-read.yaml:23
C1193	base	scenarios/postgres/02-isolation/phantom-read.yaml:25	A	SELECT count(*)::int AS n, sum(amount)::int AS total FROM orders WHERE amount >= 100	P25	Retained; current scenarios/postgres/02-isolation/phantom-read.yaml:24
C1194	base	scenarios/postgres/02-isolation/phantom-read.yaml:26	expect	[{ n: 3, total: 1500 }]	P25	Retained; current scenarios/postgres/02-isolation/phantom-read.yaml:25
C1195	base	scenarios/postgres/02-isolation/phantom-read.yaml:27	comment	a third row appeared out of nowhere — a phantom	P25	Retained; current scenarios/postgres/02-isolation/phantom-read.yaml:26
C1196	base	scenarios/postgres/02-isolation/phantom-read.yaml:28	tl	SELECT count → 3, total 1500 ← a phantom row	P25	Retained; current scenarios/postgres/02-isolation/phantom-read.yaml:27
C1197	base	scenarios/postgres/02-isolation/phantom-read.yaml:30	A	COMMIT	P25	Retained; current scenarios/postgres/02-isolation/phantom-read.yaml:29
C1198	base	scenarios/postgres/02-isolation/phantom-read.yaml:31	tl	COMMIT	P25	Retained; current scenarios/postgres/02-isolation/phantom-read.yaml:30
C1199	base	scenarios/postgres/02-isolation/phantom-read.yaml:32	note	A's report now says '2 orders' in one place and '3 orders, total 1500' in another.	P25	Retained; current scenarios/postgres/02-isolation/phantom-read.yaml:31
C1200	current	scenarios/postgres/02-isolation/phantom-read.yaml:1	title	Phantom read under READ COMMITTED	P25	Demonstrated schedule explanation
C1201	current	scenarios/postgres/02-isolation/phantom-read.yaml:2	claim	A's first aggregate at READ COMMITTED counts two matching orders; after B commits a matching INSERT, A's next aggregate counts three and totals 1500.	P25	Demonstrated schedule explanation
C1202	current	scenarios/postgres/02-isolation/phantom-read.yaml:4	anomaly	PMP	P25	Executed SQL/assertion
C1203	current	scenarios/postgres/02-isolation/phantom-read.yaml:5	isolation	READ COMMITTED	P25	Executed SQL/assertion
C1204	current	scenarios/postgres/02-isolation/phantom-read.yaml:6	setup	CREATE TABLE orders (id int PRIMARY KEY, amount int NOT NULL); INSERT INTO orders VALUES (1, 500), (2, 300);	P25	Executed SQL/assertion
C1205	current	scenarios/postgres/02-isolation/phantom-read.yaml:11	note	A computes a report twice inside one transaction: count first, then the total.	P25	Demonstrated schedule explanation
C1206	current	scenarios/postgres/02-isolation/phantom-read.yaml:14	A	BEGIN ISOLATION LEVEL READ COMMITTED	P25	Executed SQL/assertion
C1207	current	scenarios/postgres/02-isolation/phantom-read.yaml:15	A	SELECT count(*)::int AS n FROM orders WHERE amount >= 100	P25	Executed SQL/assertion
C1208	current	scenarios/postgres/02-isolation/phantom-read.yaml:16	expect	[{ n: 2 }]	P25	Executed SQL/assertion
C1209	current	scenarios/postgres/02-isolation/phantom-read.yaml:17	tl	SELECT count → 2	P25	Demonstrated schedule explanation
C1210	current	scenarios/postgres/02-isolation/phantom-read.yaml:19	note	Between A's two statements, B commits a new order that matches A's WHERE clause.	P25	Demonstrated schedule explanation
C1211	current	scenarios/postgres/02-isolation/phantom-read.yaml:22	B	INSERT INTO orders VALUES (3, 700)	P25	Executed SQL/assertion
C1212	current	scenarios/postgres/02-isolation/phantom-read.yaml:23	tl	INSERT order 3 (700), committed	P25	Demonstrated schedule explanation
C1213	current	scenarios/postgres/02-isolation/phantom-read.yaml:24	A	SELECT count(*)::int AS n, sum(amount)::int AS total FROM orders WHERE amount >= 100	P25	Executed SQL/assertion
C1214	current	scenarios/postgres/02-isolation/phantom-read.yaml:25	expect	[{ n: 3, total: 1500 }]	P25	Executed SQL/assertion
C1215	current	scenarios/postgres/02-isolation/phantom-read.yaml:26	comment	a third row appeared out of nowhere — a phantom	P25	Demonstrated schedule explanation
C1216	current	scenarios/postgres/02-isolation/phantom-read.yaml:27	tl	SELECT count → 3, total 1500 ← a phantom row	P25	Demonstrated schedule explanation
C1217	current	scenarios/postgres/02-isolation/phantom-read.yaml:29	A	COMMIT	P25	Executed SQL/assertion
C1218	current	scenarios/postgres/02-isolation/phantom-read.yaml:30	tl	COMMIT	P25	Demonstrated schedule explanation
C1219	current	scenarios/postgres/02-isolation/phantom-read.yaml:31	note	A's report now says '2 orders' in one place and '3 orders, total 1500' in another.	P25	Demonstrated schedule explanation
C1220	base	scenarios/postgres/02-isolation/read-only-anomaly.yaml:1	title	The read-only anomaly (and how SERIALIZABLE stops it)	P26	Replaced or removed; resolved current scenarios/postgres/02-isolation/read-only-anomaly.yaml (title); see corresponding current units and audit decisions
C1221	base	scenarios/postgres/02-isolation/read-only-anomaly.yaml:2	claim	At REPEATABLE READ, even a read-only transaction can observe a state no serial execution could produce; at SERIALIZABLE, PostgreSQL aborts the offending writer instead (SQLSTATE 40001).	P26	Replaced or removed; resolved current scenarios/postgres/02-isolation/read-only-anomaly.yaml (claim); see corresponding current units and audit decisions
C1222	base	scenarios/postgres/02-isolation/read-only-anomaly.yaml:6	setup	CREATE TABLE control  (deposit_no int NOT NULL); CREATE TABLE receipts (receipt_no int PRIMARY KEY, deposit_no int NOT NULL, amount int NOT NULL); INSERT INTO control  VALUES (1); INSERT INTO receipts VALUES (1, 1, 100), (2, 1, 200);	P26	Retained; current scenarios/postgres/02-isolation/read-only-anomaly.yaml:4
C1223	base	scenarios/postgres/02-isolation/read-only-anomaly.yaml:13	note	A bank tracks receipts per deposit batch. The cashier files a receipt into the current batch (1) — slowly.	P26	Retained; current scenarios/postgres/02-isolation/read-only-anomaly.yaml:12
C1224	base	scenarios/postgres/02-isolation/read-only-anomaly.yaml:16	Cashier	BEGIN ISOLATION LEVEL REPEATABLE READ	P26	Retained; current scenarios/postgres/02-isolation/read-only-anomaly.yaml:15
C1225	base	scenarios/postgres/02-isolation/read-only-anomaly.yaml:17	Cashier	SELECT deposit_no FROM control	P26	Retained; current scenarios/postgres/02-isolation/read-only-anomaly.yaml:16
C1226	base	scenarios/postgres/02-isolation/read-only-anomaly.yaml:18	expect	[{ deposit_no: 1 }]	P26	Retained; current scenarios/postgres/02-isolation/read-only-anomaly.yaml:17
C1227	base	scenarios/postgres/02-isolation/read-only-anomaly.yaml:19	tl	SELECT deposit_no → 1 (current batch)	P26	Retained; current scenarios/postgres/02-isolation/read-only-anomaly.yaml:18
C1228	base	scenarios/postgres/02-isolation/read-only-anomaly.yaml:20	Cashier	INSERT INTO receipts VALUES (3, 1, 400)	P26	Retained; current scenarios/postgres/02-isolation/read-only-anomaly.yaml:19
C1229	base	scenarios/postgres/02-isolation/read-only-anomaly.yaml:21	tl	INSERT receipt 3 into batch 1 (slow, uncommitted)	P26	Retained; current scenarios/postgres/02-isolation/read-only-anomaly.yaml:20
C1230	base	scenarios/postgres/02-isolation/read-only-anomaly.yaml:23	note	Meanwhile the closer moves the bank to batch 2 — from now on, batch 1 is supposedly complete.	P26	Retained; current scenarios/postgres/02-isolation/read-only-anomaly.yaml:22
C1231	base	scenarios/postgres/02-isolation/read-only-anomaly.yaml:26	Closer	BEGIN ISOLATION LEVEL REPEATABLE READ	P26	Retained; current scenarios/postgres/02-isolation/read-only-anomaly.yaml:25
C1232	base	scenarios/postgres/02-isolation/read-only-anomaly.yaml:27	Closer	UPDATE control SET deposit_no = 2	P26	Retained; current scenarios/postgres/02-isolation/read-only-anomaly.yaml:26
C1233	base	scenarios/postgres/02-isolation/read-only-anomaly.yaml:28	tl	UPDATE deposit_no = 2 (batch 1 closed)	P26	Retained; current scenarios/postgres/02-isolation/read-only-anomaly.yaml:27
C1234	base	scenarios/postgres/02-isolation/read-only-anomaly.yaml:29	Closer	COMMIT	P26	Retained; current scenarios/postgres/02-isolation/read-only-anomaly.yaml:28
C1235	base	scenarios/postgres/02-isolation/read-only-anomaly.yaml:30	tl	COMMIT	P26	Retained; current scenarios/postgres/02-isolation/read-only-anomaly.yaml:29
C1236	base	scenarios/postgres/02-isolation/read-only-anomaly.yaml:32	note	An auditor prints the report for the closed batch 1.	P26	Retained; current scenarios/postgres/02-isolation/read-only-anomaly.yaml:31
C1237	base	scenarios/postgres/02-isolation/read-only-anomaly.yaml:33	Report	BEGIN ISOLATION LEVEL REPEATABLE READ	P26	Retained; current scenarios/postgres/02-isolation/read-only-anomaly.yaml:32
C1238	base	scenarios/postgres/02-isolation/read-only-anomaly.yaml:34	Report	SELECT deposit_no FROM control	P26	Retained; current scenarios/postgres/02-isolation/read-only-anomaly.yaml:33
C1239	base	scenarios/postgres/02-isolation/read-only-anomaly.yaml:35	expect	[{ deposit_no: 2 }]	P26	Retained; current scenarios/postgres/02-isolation/read-only-anomaly.yaml:34
C1240	base	scenarios/postgres/02-isolation/read-only-anomaly.yaml:36	comment	batch 1 is closed…	P26	Retained; current scenarios/postgres/02-isolation/read-only-anomaly.yaml:35
C1241	base	scenarios/postgres/02-isolation/read-only-anomaly.yaml:37	tl	SELECT deposit_no → 2 ← batch 1 is closed	P26	Retained; current scenarios/postgres/02-isolation/read-only-anomaly.yaml:36
C1242	base	scenarios/postgres/02-isolation/read-only-anomaly.yaml:38	Report	SELECT receipt_no, amount FROM receipts WHERE deposit_no = 1 ORDER BY receipt_no	P26	Retained; current scenarios/postgres/02-isolation/read-only-anomaly.yaml:37
C1243	base	scenarios/postgres/02-isolation/read-only-anomaly.yaml:39	expect	[{}, {}]	P26	Replaced or removed; resolved current scenarios/postgres/02-isolation/read-only-anomaly.yaml (expect); see corresponding current units and audit decisions
C1244	base	scenarios/postgres/02-isolation/read-only-anomaly.yaml:40	comment	…and contains receipts 1 and 2, total 300. The report is published.	P26	Retained; current scenarios/postgres/02-isolation/read-only-anomaly.yaml:39
C1245	base	scenarios/postgres/02-isolation/read-only-anomaly.yaml:41	tl	SELECT batch 1 → receipts 1, 2 (total 300) ← report published	P26	Retained; current scenarios/postgres/02-isolation/read-only-anomaly.yaml:40
C1246	base	scenarios/postgres/02-isolation/read-only-anomaly.yaml:42	Report	COMMIT	P26	Retained; current scenarios/postgres/02-isolation/read-only-anomaly.yaml:41
C1247	base	scenarios/postgres/02-isolation/read-only-anomaly.yaml:43	tl	COMMIT	P26	Retained; current scenarios/postgres/02-isolation/read-only-anomaly.yaml:29
C1248	base	scenarios/postgres/02-isolation/read-only-anomaly.yaml:45	note	Now the cashier's receipt lands — in batch 1, which the report just declared final.	P26	Retained; current scenarios/postgres/02-isolation/read-only-anomaly.yaml:44
C1249	base	scenarios/postgres/02-isolation/read-only-anomaly.yaml:48	Cashier	COMMIT	P26	Retained; current scenarios/postgres/02-isolation/read-only-anomaly.yaml:47
C1250	base	scenarios/postgres/02-isolation/read-only-anomaly.yaml:49	tl	COMMIT ← receipt 3 lands in the closed batch 1	P26	Retained; current scenarios/postgres/02-isolation/read-only-anomaly.yaml:48
C1251	base	scenarios/postgres/02-isolation/read-only-anomaly.yaml:50	Report	SELECT receipt_no, amount FROM receipts WHERE deposit_no = 1 ORDER BY receipt_no	P26	Retained; current scenarios/postgres/02-isolation/read-only-anomaly.yaml:37
C1252	base	scenarios/postgres/02-isolation/read-only-anomaly.yaml:51	expect	[{}, {}, {}]	P26	Replaced or removed; resolved current scenarios/postgres/02-isolation/read-only-anomaly.yaml (expect); see corresponding current units and audit decisions
C1253	base	scenarios/postgres/02-isolation/read-only-anomaly.yaml:52	comment	"""the published report was wrong: no serial order of these three transactions produces it"""	P26	Retained; current scenarios/postgres/02-isolation/read-only-anomaly.yaml:51
C1254	base	scenarios/postgres/02-isolation/read-only-anomaly.yaml:53	tl	re-read batch 1 → 3 receipts ← the published report was wrong	P26	Retained; current scenarios/postgres/02-isolation/read-only-anomaly.yaml:52
C1255	base	scenarios/postgres/02-isolation/read-only-anomaly.yaml:55	note	Rewind and replay the exact same interleaving — all three transactions SERIALIZABLE.	P26	Retained; current scenarios/postgres/02-isolation/read-only-anomaly.yaml:54
C1256	base	scenarios/postgres/02-isolation/read-only-anomaly.yaml:58	Report	DELETE FROM receipts WHERE receipt_no = 3	P26	Retained; current scenarios/postgres/02-isolation/read-only-anomaly.yaml:57
C1257	base	scenarios/postgres/02-isolation/read-only-anomaly.yaml:59	Report	UPDATE control SET deposit_no = 1	P26	Retained; current scenarios/postgres/02-isolation/read-only-anomaly.yaml:58
C1258	base	scenarios/postgres/02-isolation/read-only-anomaly.yaml:61	Cashier	BEGIN ISOLATION LEVEL SERIALIZABLE	P26	Retained; current scenarios/postgres/02-isolation/read-only-anomaly.yaml:60
C1259	base	scenarios/postgres/02-isolation/read-only-anomaly.yaml:62	Cashier	SELECT deposit_no FROM control	P26	Retained; current scenarios/postgres/02-isolation/read-only-anomaly.yaml:16
C1260	base	scenarios/postgres/02-isolation/read-only-anomaly.yaml:63	Cashier	INSERT INTO receipts VALUES (3, 1, 400)	P26	Retained; current scenarios/postgres/02-isolation/read-only-anomaly.yaml:19
C1261	base	scenarios/postgres/02-isolation/read-only-anomaly.yaml:65	Closer	BEGIN ISOLATION LEVEL SERIALIZABLE	P26	Retained; current scenarios/postgres/02-isolation/read-only-anomaly.yaml:65
C1262	base	scenarios/postgres/02-isolation/read-only-anomaly.yaml:66	Closer	UPDATE control SET deposit_no = 2	P26	Retained; current scenarios/postgres/02-isolation/read-only-anomaly.yaml:26
C1263	base	scenarios/postgres/02-isolation/read-only-anomaly.yaml:67	Closer	COMMIT	P26	Retained; current scenarios/postgres/02-isolation/read-only-anomaly.yaml:28
C1264	base	scenarios/postgres/02-isolation/read-only-anomaly.yaml:69	Report	BEGIN ISOLATION LEVEL SERIALIZABLE	P26	Retained; current scenarios/postgres/02-isolation/read-only-anomaly.yaml:69
C1265	base	scenarios/postgres/02-isolation/read-only-anomaly.yaml:70	Report	SELECT deposit_no FROM control	P26	Retained; current scenarios/postgres/02-isolation/read-only-anomaly.yaml:33
C1266	base	scenarios/postgres/02-isolation/read-only-anomaly.yaml:71	Report	SELECT receipt_no, amount FROM receipts WHERE deposit_no = 1 ORDER BY receipt_no	P26	Retained; current scenarios/postgres/02-isolation/read-only-anomaly.yaml:37
C1267	base	scenarios/postgres/02-isolation/read-only-anomaly.yaml:72	expect	[{}, {}]	P26	Replaced or removed; resolved current scenarios/postgres/02-isolation/read-only-anomaly.yaml (expect); see corresponding current units and audit decisions
C1268	base	scenarios/postgres/02-isolation/read-only-anomaly.yaml:73	Report	COMMIT	P26	Retained; current scenarios/postgres/02-isolation/read-only-anomaly.yaml:41
C1269	base	scenarios/postgres/02-isolation/read-only-anomaly.yaml:74	comment	the report itself commits fine —	P26	Retained; current scenarios/postgres/02-isolation/read-only-anomaly.yaml:75
C1270	base	scenarios/postgres/02-isolation/read-only-anomaly.yaml:76	note	— because SERIALIZABLE protects it by aborting the transaction that would invalidate it: the cashier.	P26	Retained; current scenarios/postgres/02-isolation/read-only-anomaly.yaml:77
C1271	base	scenarios/postgres/02-isolation/read-only-anomaly.yaml:79	Cashier.fails	COMMIT	P26	Retained; current scenarios/postgres/02-isolation/read-only-anomaly.yaml:80
C1272	base	scenarios/postgres/02-isolation/read-only-anomaly.yaml:80	error	"""40001"""	P26	Retained; current scenarios/postgres/02-isolation/read-only-anomaly.yaml:81
C1273	base	scenarios/postgres/02-isolation/read-only-anomaly.yaml:82	Report	SELECT receipt_no, amount FROM receipts WHERE deposit_no = 1 ORDER BY receipt_no	P26	Retained; current scenarios/postgres/02-isolation/read-only-anomaly.yaml:37
C1274	base	scenarios/postgres/02-isolation/read-only-anomaly.yaml:83	expect	[{}, {}]	P26	Replaced or removed; resolved current scenarios/postgres/02-isolation/read-only-anomaly.yaml (expect); see corresponding current units and audit decisions
C1275	base	scenarios/postgres/02-isolation/read-only-anomaly.yaml:84	comment	batch 1 still matches the published report; the cashier retries into batch 2	P26	Replaced or removed; resolved current scenarios/postgres/02-isolation/read-only-anomaly.yaml (comment); see corresponding current units and audit decisions
C1276	current	scenarios/postgres/02-isolation/read-only-anomaly.yaml:1	title	The read-only anomaly in two isolation levels	P26	Demonstrated schedule explanation
C1277	current	scenarios/postgres/02-isolation/read-only-anomaly.yaml:2	claim	In this schedule, the REPEATABLE READ report commits with two receipts before the cashier commits a third into the closed batch; with all three transactions SERIALIZABLE, the report commits and the cashier's COMMIT fails with 40001.	P26	Demonstrated schedule explanation
C1278	current	scenarios/postgres/02-isolation/read-only-anomaly.yaml:4	setup	CREATE TABLE control  (deposit_no int NOT NULL); CREATE TABLE receipts (receipt_no int PRIMARY KEY, deposit_no int NOT NULL, amount int NOT NULL); INSERT INTO control  VALUES (1); INSERT INTO receipts VALUES (1, 1, 100), (2, 1, 200);	P26	Executed SQL/assertion
C1279	current	scenarios/postgres/02-isolation/read-only-anomaly.yaml:11	note	The report is modeled by SELECT results; no printing, external publication, or cashier retry is executed.	P26	Demonstrated schedule explanation
C1280	current	scenarios/postgres/02-isolation/read-only-anomaly.yaml:12	note	A bank tracks receipts per deposit batch. The cashier files a receipt into the current batch (1) — slowly.	P26	Demonstrated schedule explanation
C1281	current	scenarios/postgres/02-isolation/read-only-anomaly.yaml:15	Cashier	BEGIN ISOLATION LEVEL REPEATABLE READ	P26	Executed SQL/assertion
C1282	current	scenarios/postgres/02-isolation/read-only-anomaly.yaml:16	Cashier	SELECT deposit_no FROM control	P26	Executed SQL/assertion
C1283	current	scenarios/postgres/02-isolation/read-only-anomaly.yaml:17	expect	[{ deposit_no: 1 }]	P26	Executed SQL/assertion
C1284	current	scenarios/postgres/02-isolation/read-only-anomaly.yaml:18	tl	SELECT deposit_no → 1 (current batch)	P26	Demonstrated schedule explanation
C1285	current	scenarios/postgres/02-isolation/read-only-anomaly.yaml:19	Cashier	INSERT INTO receipts VALUES (3, 1, 400)	P26	Executed SQL/assertion
C1286	current	scenarios/postgres/02-isolation/read-only-anomaly.yaml:20	tl	INSERT receipt 3 into batch 1 (slow, uncommitted)	P26	Demonstrated schedule explanation
C1287	current	scenarios/postgres/02-isolation/read-only-anomaly.yaml:22	note	Meanwhile the closer moves the bank to batch 2 — from now on, batch 1 is supposedly complete.	P26	Demonstrated schedule explanation
C1288	current	scenarios/postgres/02-isolation/read-only-anomaly.yaml:25	Closer	BEGIN ISOLATION LEVEL REPEATABLE READ	P26	Executed SQL/assertion
C1289	current	scenarios/postgres/02-isolation/read-only-anomaly.yaml:26	Closer	UPDATE control SET deposit_no = 2	P26	Executed SQL/assertion
C1290	current	scenarios/postgres/02-isolation/read-only-anomaly.yaml:27	tl	UPDATE deposit_no = 2 (batch 1 closed)	P26	Demonstrated schedule explanation
C1291	current	scenarios/postgres/02-isolation/read-only-anomaly.yaml:28	Closer	COMMIT	P26	Executed SQL/assertion
C1292	current	scenarios/postgres/02-isolation/read-only-anomaly.yaml:29	tl	COMMIT	P26	Demonstrated schedule explanation
C1293	current	scenarios/postgres/02-isolation/read-only-anomaly.yaml:31	note	An auditor prints the report for the closed batch 1.	P26	Demonstrated schedule explanation
C1294	current	scenarios/postgres/02-isolation/read-only-anomaly.yaml:32	Report	BEGIN ISOLATION LEVEL REPEATABLE READ	P26	Executed SQL/assertion
C1295	current	scenarios/postgres/02-isolation/read-only-anomaly.yaml:33	Report	SELECT deposit_no FROM control	P26	Executed SQL/assertion
C1296	current	scenarios/postgres/02-isolation/read-only-anomaly.yaml:34	expect	[{ deposit_no: 2 }]	P26	Executed SQL/assertion
C1297	current	scenarios/postgres/02-isolation/read-only-anomaly.yaml:35	comment	batch 1 is closed…	P26	Demonstrated schedule explanation
C1298	current	scenarios/postgres/02-isolation/read-only-anomaly.yaml:36	tl	SELECT deposit_no → 2 ← batch 1 is closed	P26	Demonstrated schedule explanation
C1299	current	scenarios/postgres/02-isolation/read-only-anomaly.yaml:37	Report	SELECT receipt_no, amount FROM receipts WHERE deposit_no = 1 ORDER BY receipt_no	P26	Executed SQL/assertion
C1300	current	scenarios/postgres/02-isolation/read-only-anomaly.yaml:38	expect	[{ receipt_no: 1, amount: 100 }, { receipt_no: 2, amount: 200 }]	P26	Executed SQL/assertion
C1301	current	scenarios/postgres/02-isolation/read-only-anomaly.yaml:39	comment	…and contains receipts 1 and 2, total 300. The report is published.	P26	Demonstrated schedule explanation
C1302	current	scenarios/postgres/02-isolation/read-only-anomaly.yaml:40	tl	SELECT batch 1 → receipts 1, 2 (total 300) ← report published	P26	Demonstrated schedule explanation
C1303	current	scenarios/postgres/02-isolation/read-only-anomaly.yaml:41	Report	COMMIT	P26	Executed SQL/assertion
C1304	current	scenarios/postgres/02-isolation/read-only-anomaly.yaml:42	tl	COMMIT	P26	Demonstrated schedule explanation
C1305	current	scenarios/postgres/02-isolation/read-only-anomaly.yaml:44	note	Now the cashier's receipt lands — in batch 1, which the report just declared final.	P26	Demonstrated schedule explanation
C1306	current	scenarios/postgres/02-isolation/read-only-anomaly.yaml:47	Cashier	COMMIT	P26	Executed SQL/assertion
C1307	current	scenarios/postgres/02-isolation/read-only-anomaly.yaml:48	tl	COMMIT ← receipt 3 lands in the closed batch 1	P26	Demonstrated schedule explanation
C1308	current	scenarios/postgres/02-isolation/read-only-anomaly.yaml:49	Report	SELECT receipt_no, amount FROM receipts WHERE deposit_no = 1 ORDER BY receipt_no	P26	Executed SQL/assertion
C1309	current	scenarios/postgres/02-isolation/read-only-anomaly.yaml:50	expect	[{ receipt_no: 1, amount: 100 }, { receipt_no: 2, amount: 200 }, { receipt_no: 3, amount: 400 }]	P26	Executed SQL/assertion
C1310	current	scenarios/postgres/02-isolation/read-only-anomaly.yaml:51	comment	"""the published report was wrong: no serial order of these three transactions produces it"""	P26	Demonstrated schedule explanation
C1311	current	scenarios/postgres/02-isolation/read-only-anomaly.yaml:52	tl	re-read batch 1 → 3 receipts ← the published report was wrong	P26	Demonstrated schedule explanation
C1312	current	scenarios/postgres/02-isolation/read-only-anomaly.yaml:54	note	Rewind and replay the exact same interleaving — all three transactions SERIALIZABLE.	P26	Demonstrated schedule explanation
C1313	current	scenarios/postgres/02-isolation/read-only-anomaly.yaml:57	Report	DELETE FROM receipts WHERE receipt_no = 3	P26	Executed SQL/assertion
C1314	current	scenarios/postgres/02-isolation/read-only-anomaly.yaml:58	Report	UPDATE control SET deposit_no = 1	P26	Executed SQL/assertion
C1315	current	scenarios/postgres/02-isolation/read-only-anomaly.yaml:60	Cashier	BEGIN ISOLATION LEVEL SERIALIZABLE	P26	Executed SQL/assertion
C1316	current	scenarios/postgres/02-isolation/read-only-anomaly.yaml:61	Cashier	SELECT deposit_no FROM control	P26	Executed SQL/assertion
C1317	current	scenarios/postgres/02-isolation/read-only-anomaly.yaml:62	expect	[{ deposit_no: 1 }]	P26	Executed SQL/assertion
C1318	current	scenarios/postgres/02-isolation/read-only-anomaly.yaml:63	Cashier	INSERT INTO receipts VALUES (3, 1, 400)	P26	Executed SQL/assertion
C1319	current	scenarios/postgres/02-isolation/read-only-anomaly.yaml:65	Closer	BEGIN ISOLATION LEVEL SERIALIZABLE	P26	Executed SQL/assertion
C1320	current	scenarios/postgres/02-isolation/read-only-anomaly.yaml:66	Closer	UPDATE control SET deposit_no = 2	P26	Executed SQL/assertion
C1321	current	scenarios/postgres/02-isolation/read-only-anomaly.yaml:67	Closer	COMMIT	P26	Executed SQL/assertion
C1322	current	scenarios/postgres/02-isolation/read-only-anomaly.yaml:69	Report	BEGIN ISOLATION LEVEL SERIALIZABLE	P26	Executed SQL/assertion
C1323	current	scenarios/postgres/02-isolation/read-only-anomaly.yaml:70	Report	SELECT deposit_no FROM control	P26	Executed SQL/assertion
C1324	current	scenarios/postgres/02-isolation/read-only-anomaly.yaml:71	expect	[{ deposit_no: 2 }]	P26	Executed SQL/assertion
C1325	current	scenarios/postgres/02-isolation/read-only-anomaly.yaml:72	Report	SELECT receipt_no, amount FROM receipts WHERE deposit_no = 1 ORDER BY receipt_no	P26	Executed SQL/assertion
C1326	current	scenarios/postgres/02-isolation/read-only-anomaly.yaml:73	expect	[{ receipt_no: 1, amount: 100 }, { receipt_no: 2, amount: 200 }]	P26	Executed SQL/assertion
C1327	current	scenarios/postgres/02-isolation/read-only-anomaly.yaml:74	Report	COMMIT	P26	Executed SQL/assertion
C1328	current	scenarios/postgres/02-isolation/read-only-anomaly.yaml:75	comment	the report itself commits fine —	P26	Demonstrated schedule explanation
C1329	current	scenarios/postgres/02-isolation/read-only-anomaly.yaml:77	note	— because SERIALIZABLE protects it by aborting the transaction that would invalidate it: the cashier.	P26	Demonstrated schedule explanation
C1330	current	scenarios/postgres/02-isolation/read-only-anomaly.yaml:80	Cashier.fails	COMMIT	P26	Executed SQL/assertion
C1331	current	scenarios/postgres/02-isolation/read-only-anomaly.yaml:81	error	"""40001"""	P26	Executed SQL/assertion
C1332	current	scenarios/postgres/02-isolation/read-only-anomaly.yaml:83	Report	SELECT receipt_no, amount FROM receipts WHERE deposit_no = 1 ORDER BY receipt_no	P26	Executed SQL/assertion
C1333	current	scenarios/postgres/02-isolation/read-only-anomaly.yaml:84	expect	[{ receipt_no: 1, amount: 100 }, { receipt_no: 2, amount: 200 }]	P26	Executed SQL/assertion
C1334	current	scenarios/postgres/02-isolation/read-only-anomaly.yaml:85	comment	batch 1 still has two receipts; no cashier retry is executed here	P26	Demonstrated schedule explanation
C1335	base	scenarios/postgres/02-isolation/read-skew.yaml:1	title	"""Read skew: one transaction, two rows, an impossible total"""	P27	Replaced or removed; resolved current scenarios/postgres/02-isolation/read-skew.yaml (title); see corresponding current units and audit decisions
C1336	base	scenarios/postgres/02-isolation/read-skew.yaml:2	claim	"At READ COMMITTED, a transaction reading two rows around a concurrent transfer observes money that never existed (Adya's G-single, ""read skew""); REPEATABLE READ's single snapshot makes the same interleaving consistent."	P27	Replaced or removed; resolved current scenarios/postgres/02-isolation/read-skew.yaml (claim); see corresponding current units and audit decisions
C1337	base	scenarios/postgres/02-isolation/read-skew.yaml:6	anomaly	G-single	P27	Retained; current scenarios/postgres/02-isolation/read-skew.yaml:4
C1338	base	scenarios/postgres/02-isolation/read-skew.yaml:7	isolation	REPEATABLE READ	P27	Retained; current scenarios/postgres/02-isolation/read-skew.yaml:5
C1339	base	scenarios/postgres/02-isolation/read-skew.yaml:8	setup	CREATE TABLE accounts (id int PRIMARY KEY, owner text NOT NULL, balance int NOT NULL); INSERT INTO accounts VALUES (1, 'alice', 50), (2, 'bob', 50);	P27	Retained; current scenarios/postgres/02-isolation/read-skew.yaml:6
C1340	base	scenarios/postgres/02-isolation/read-skew.yaml:13	note	The invariant: alice + bob = 100 at every moment. A is an auditor summing the accounts row by row; B transfers 25 between them mid-audit.	P27	Retained; current scenarios/postgres/02-isolation/read-skew.yaml:11
C1341	base	scenarios/postgres/02-isolation/read-skew.yaml:16	A	BEGIN	P27	Replaced or removed; resolved current scenarios/postgres/02-isolation/read-skew.yaml (A); see corresponding current units and audit decisions
C1342	base	scenarios/postgres/02-isolation/read-skew.yaml:17	A	SELECT balance FROM accounts WHERE owner = 'alice'	P27	Retained; current scenarios/postgres/02-isolation/read-skew.yaml:15
C1343	base	scenarios/postgres/02-isolation/read-skew.yaml:18	expect	[{ balance: 50 }]	P27	Retained; current scenarios/postgres/02-isolation/read-skew.yaml:16
C1344	base	scenarios/postgres/02-isolation/read-skew.yaml:19	tl	SELECT alice → 50 (before the transfer)	P27	Retained; current scenarios/postgres/02-isolation/read-skew.yaml:17
C1345	base	scenarios/postgres/02-isolation/read-skew.yaml:21	B	BEGIN	P27	Replaced or removed; resolved current scenarios/postgres/02-isolation/read-skew.yaml (B); see corresponding current units and audit decisions
C1346	base	scenarios/postgres/02-isolation/read-skew.yaml:22	B	UPDATE accounts SET balance = balance - 25 WHERE owner = 'alice'	P27	Retained; current scenarios/postgres/02-isolation/read-skew.yaml:20
C1347	base	scenarios/postgres/02-isolation/read-skew.yaml:23	tl	UPDATE alice −25	P27	Retained; current scenarios/postgres/02-isolation/read-skew.yaml:21
C1348	base	scenarios/postgres/02-isolation/read-skew.yaml:24	B	UPDATE accounts SET balance = balance + 25 WHERE owner = 'bob'	P27	Retained; current scenarios/postgres/02-isolation/read-skew.yaml:22
C1349	base	scenarios/postgres/02-isolation/read-skew.yaml:25	tl	UPDATE bob +25	P27	Retained; current scenarios/postgres/02-isolation/read-skew.yaml:23
C1350	base	scenarios/postgres/02-isolation/read-skew.yaml:26	B	COMMIT	P27	Retained; current scenarios/postgres/02-isolation/read-skew.yaml:24
C1351	base	scenarios/postgres/02-isolation/read-skew.yaml:27	comment	a perfectly correct transfer — atomic, invariant preserved	P27	Retained; current scenarios/postgres/02-isolation/read-skew.yaml:25
C1352	base	scenarios/postgres/02-isolation/read-skew.yaml:28	tl	COMMIT ← transfer done, invariant intact	P27	Retained; current scenarios/postgres/02-isolation/read-skew.yaml:26
C1353	base	scenarios/postgres/02-isolation/read-skew.yaml:30	A	SELECT balance FROM accounts WHERE owner = 'bob'	P27	Retained; current scenarios/postgres/02-isolation/read-skew.yaml:28
C1354	base	scenarios/postgres/02-isolation/read-skew.yaml:31	expect	[{ balance: 75 }]	P27	Retained; current scenarios/postgres/02-isolation/read-skew.yaml:29
C1355	base	scenarios/postgres/02-isolation/read-skew.yaml:32	comment	"""50 + 75 = 125. The auditor found 25 that never existed."""	P27	Retained; current scenarios/postgres/02-isolation/read-skew.yaml:30
C1356	base	scenarios/postgres/02-isolation/read-skew.yaml:33	tl	SELECT bob → 75 ← 50+75=125, money that never existed	P27	Retained; current scenarios/postgres/02-isolation/read-skew.yaml:31
C1357	base	scenarios/postgres/02-isolation/read-skew.yaml:34	A	COMMIT	P27	Retained; current scenarios/postgres/02-isolation/read-skew.yaml:32
C1358	base	scenarios/postgres/02-isolation/read-skew.yaml:36	note	Neither row was ever wrong — A read alice BEFORE the transfer and bob AFTER it. Fresh-snapshot-per-statement cannot hold two rows still. REPEATABLE READ can:	P27	Retained; current scenarios/postgres/02-isolation/read-skew.yaml:34
C1359	base	scenarios/postgres/02-isolation/read-skew.yaml:40	A	BEGIN ISOLATION LEVEL REPEATABLE READ	P27	Retained; current scenarios/postgres/02-isolation/read-skew.yaml:38
C1360	base	scenarios/postgres/02-isolation/read-skew.yaml:41	A	SELECT balance FROM accounts WHERE owner = 'alice'	P27	Retained; current scenarios/postgres/02-isolation/read-skew.yaml:15
C1361	base	scenarios/postgres/02-isolation/read-skew.yaml:42	expect	[{ balance: 25 }]	P27	Retained; current scenarios/postgres/02-isolation/read-skew.yaml:40
C1362	base	scenarios/postgres/02-isolation/read-skew.yaml:44	B	BEGIN	P27	Replaced or removed; resolved current scenarios/postgres/02-isolation/read-skew.yaml (B); see corresponding current units and audit decisions
C1363	base	scenarios/postgres/02-isolation/read-skew.yaml:45	B	UPDATE accounts SET balance = balance - 10 WHERE owner = 'alice'	P27	Retained; current scenarios/postgres/02-isolation/read-skew.yaml:43
C1364	base	scenarios/postgres/02-isolation/read-skew.yaml:46	B	UPDATE accounts SET balance = balance + 10 WHERE owner = 'bob'	P27	Retained; current scenarios/postgres/02-isolation/read-skew.yaml:44
C1365	base	scenarios/postgres/02-isolation/read-skew.yaml:47	B	COMMIT	P27	Retained; current scenarios/postgres/02-isolation/read-skew.yaml:24
C1366	base	scenarios/postgres/02-isolation/read-skew.yaml:49	A	SELECT balance FROM accounts WHERE owner = 'bob'	P27	Retained; current scenarios/postgres/02-isolation/read-skew.yaml:28
C1367	base	scenarios/postgres/02-isolation/read-skew.yaml:50	expect	[{ balance: 75 }]	P27	Retained; current scenarios/postgres/02-isolation/read-skew.yaml:29
C1368	base	scenarios/postgres/02-isolation/read-skew.yaml:51	comment	"""25 + 75 = 100 — one snapshot, one moment in time"""	P27	Retained; current scenarios/postgres/02-isolation/read-skew.yaml:49
C1369	base	scenarios/postgres/02-isolation/read-skew.yaml:52	A	COMMIT	P27	Retained; current scenarios/postgres/02-isolation/read-skew.yaml:32
C1370	current	scenarios/postgres/02-isolation/read-skew.yaml:1	title	Read skew across two plain SELECTs	P27	Demonstrated schedule explanation
C1371	current	scenarios/postgres/02-isolation/read-skew.yaml:2	claim	At READ COMMITTED, A's separate SELECTs around B's committed transfer return balances totaling 125; in the second schedule at REPEATABLE READ, the two reads total 100 despite B's intervening transfer.	P27	Demonstrated schedule explanation
C1372	current	scenarios/postgres/02-isolation/read-skew.yaml:4	anomaly	G-single	P27	Executed SQL/assertion
C1373	current	scenarios/postgres/02-isolation/read-skew.yaml:5	isolation	REPEATABLE READ	P27	Executed SQL/assertion
C1374	current	scenarios/postgres/02-isolation/read-skew.yaml:6	setup	CREATE TABLE accounts (id int PRIMARY KEY, owner text NOT NULL, balance int NOT NULL); INSERT INTO accounts VALUES (1, 'alice', 50), (2, 'bob', 50);	P27	Executed SQL/assertion
C1375	current	scenarios/postgres/02-isolation/read-skew.yaml:11	note	The invariant: alice + bob = 100 at every moment. A is an auditor summing the accounts row by row; B transfers 25 between them mid-audit.	P27	Demonstrated schedule explanation
C1376	current	scenarios/postgres/02-isolation/read-skew.yaml:14	A	BEGIN ISOLATION LEVEL READ COMMITTED	P27	Executed SQL/assertion
C1377	current	scenarios/postgres/02-isolation/read-skew.yaml:15	A	SELECT balance FROM accounts WHERE owner = 'alice'	P27	Executed SQL/assertion
C1378	current	scenarios/postgres/02-isolation/read-skew.yaml:16	expect	[{ balance: 50 }]	P27	Executed SQL/assertion
C1379	current	scenarios/postgres/02-isolation/read-skew.yaml:17	tl	SELECT alice → 50 (before the transfer)	P27	Demonstrated schedule explanation
C1380	current	scenarios/postgres/02-isolation/read-skew.yaml:19	B	BEGIN ISOLATION LEVEL READ COMMITTED	P27	Executed SQL/assertion
C1381	current	scenarios/postgres/02-isolation/read-skew.yaml:20	B	UPDATE accounts SET balance = balance - 25 WHERE owner = 'alice'	P27	Executed SQL/assertion
C1382	current	scenarios/postgres/02-isolation/read-skew.yaml:21	tl	UPDATE alice −25	P27	Demonstrated schedule explanation
C1383	current	scenarios/postgres/02-isolation/read-skew.yaml:22	B	UPDATE accounts SET balance = balance + 25 WHERE owner = 'bob'	P27	Executed SQL/assertion
C1384	current	scenarios/postgres/02-isolation/read-skew.yaml:23	tl	UPDATE bob +25	P27	Demonstrated schedule explanation
C1385	current	scenarios/postgres/02-isolation/read-skew.yaml:24	B	COMMIT	P27	Executed SQL/assertion
C1386	current	scenarios/postgres/02-isolation/read-skew.yaml:25	comment	a perfectly correct transfer — atomic, invariant preserved	P27	Demonstrated schedule explanation
C1387	current	scenarios/postgres/02-isolation/read-skew.yaml:26	tl	COMMIT ← transfer done, invariant intact	P27	Demonstrated schedule explanation
C1388	current	scenarios/postgres/02-isolation/read-skew.yaml:28	A	SELECT balance FROM accounts WHERE owner = 'bob'	P27	Executed SQL/assertion
C1389	current	scenarios/postgres/02-isolation/read-skew.yaml:29	expect	[{ balance: 75 }]	P27	Executed SQL/assertion
C1390	current	scenarios/postgres/02-isolation/read-skew.yaml:30	comment	"""50 + 75 = 125. The auditor found 25 that never existed."""	P27	Demonstrated schedule explanation
C1391	current	scenarios/postgres/02-isolation/read-skew.yaml:31	tl	SELECT bob → 75 ← 50+75=125, money that never existed	P27	Demonstrated schedule explanation
C1392	current	scenarios/postgres/02-isolation/read-skew.yaml:32	A	COMMIT	P27	Executed SQL/assertion
C1393	current	scenarios/postgres/02-isolation/read-skew.yaml:34	note	Neither row was ever wrong — A read alice BEFORE the transfer and bob AFTER it. Fresh-snapshot-per-statement cannot hold two rows still. REPEATABLE READ can:	P27	Demonstrated schedule explanation
C1394	current	scenarios/postgres/02-isolation/read-skew.yaml:38	A	BEGIN ISOLATION LEVEL REPEATABLE READ	P27	Executed SQL/assertion
C1395	current	scenarios/postgres/02-isolation/read-skew.yaml:39	A	SELECT balance FROM accounts WHERE owner = 'alice'	P27	Executed SQL/assertion
C1396	current	scenarios/postgres/02-isolation/read-skew.yaml:40	expect	[{ balance: 25 }]	P27	Executed SQL/assertion
C1397	current	scenarios/postgres/02-isolation/read-skew.yaml:42	B	BEGIN ISOLATION LEVEL READ COMMITTED	P27	Executed SQL/assertion
C1398	current	scenarios/postgres/02-isolation/read-skew.yaml:43	B	UPDATE accounts SET balance = balance - 10 WHERE owner = 'alice'	P27	Executed SQL/assertion
C1399	current	scenarios/postgres/02-isolation/read-skew.yaml:44	B	UPDATE accounts SET balance = balance + 10 WHERE owner = 'bob'	P27	Executed SQL/assertion
C1400	current	scenarios/postgres/02-isolation/read-skew.yaml:45	B	COMMIT	P27	Executed SQL/assertion
C1401	current	scenarios/postgres/02-isolation/read-skew.yaml:47	A	SELECT balance FROM accounts WHERE owner = 'bob'	P27	Executed SQL/assertion
C1402	current	scenarios/postgres/02-isolation/read-skew.yaml:48	expect	[{ balance: 75 }]	P27	Executed SQL/assertion
C1403	current	scenarios/postgres/02-isolation/read-skew.yaml:49	comment	"""25 + 75 = 100 — one snapshot, one moment in time"""	P27	Demonstrated schedule explanation
C1404	current	scenarios/postgres/02-isolation/read-skew.yaml:50	A	COMMIT	P27	Executed SQL/assertion
C1405	base	scenarios/postgres/02-isolation/stable-snapshot.yaml:1	title	"""REPEATABLE READ: one snapshot for the whole transaction"""	P28	Replaced or removed; resolved current scenarios/postgres/02-isolation/stable-snapshot.yaml (title); see corresponding current units and audit decisions
C1406	base	scenarios/postgres/02-isolation/stable-snapshot.yaml:2	claim	At REPEATABLE READ, PostgreSQL uses a single snapshot for the entire transaction — no non-repeatable reads AND no phantoms (stronger than the SQL standard requires).	P28	Replaced or removed; resolved current scenarios/postgres/02-isolation/stable-snapshot.yaml (claim); see corresponding current units and audit decisions
C1407	base	scenarios/postgres/02-isolation/stable-snapshot.yaml:6	anomaly	P2	P28	Retained; current scenarios/postgres/02-isolation/stable-snapshot.yaml:4
C1408	base	scenarios/postgres/02-isolation/stable-snapshot.yaml:7	isolation	REPEATABLE READ	P28	Retained; current scenarios/postgres/02-isolation/stable-snapshot.yaml:5
C1409	base	scenarios/postgres/02-isolation/stable-snapshot.yaml:8	setup	CREATE TABLE accounts (id int PRIMARY KEY, owner text NOT NULL, balance int NOT NULL); INSERT INTO accounts VALUES (1, 'alice', 100), (2, 'bob', 50);	P28	Retained; current scenarios/postgres/02-isolation/stable-snapshot.yaml:6
C1410	base	scenarios/postgres/02-isolation/stable-snapshot.yaml:13	A	BEGIN ISOLATION LEVEL REPEATABLE READ	P28	Retained; current scenarios/postgres/02-isolation/stable-snapshot.yaml:11
C1411	base	scenarios/postgres/02-isolation/stable-snapshot.yaml:15	note	The snapshot is taken by the FIRST query, not by BEGIN.	P28	Retained; current scenarios/postgres/02-isolation/stable-snapshot.yaml:16
C1412	base	scenarios/postgres/02-isolation/stable-snapshot.yaml:16	A	SELECT id, balance FROM accounts ORDER BY id	P28	Retained; current scenarios/postgres/02-isolation/stable-snapshot.yaml:17
C1413	base	scenarios/postgres/02-isolation/stable-snapshot.yaml:17	expect	[{}, {}]	P28	Replaced or removed; resolved current scenarios/postgres/02-isolation/stable-snapshot.yaml (expect); see corresponding current units and audit decisions
C1414	base	scenarios/postgres/02-isolation/stable-snapshot.yaml:18	tl	SELECT → alice 100, bob 50 (snapshot frozen here)	P28	Replaced or removed; resolved current scenarios/postgres/02-isolation/stable-snapshot.yaml (tl); see corresponding current units and audit decisions
C1415	base	scenarios/postgres/02-isolation/stable-snapshot.yaml:20	note	B changes an existing row AND inserts a new one — both committed instantly.	P28	Retained; current scenarios/postgres/02-isolation/stable-snapshot.yaml:21
C1416	base	scenarios/postgres/02-isolation/stable-snapshot.yaml:21	B	UPDATE accounts SET balance = 999 WHERE id = 1	P28	Retained; current scenarios/postgres/02-isolation/stable-snapshot.yaml:22
C1417	base	scenarios/postgres/02-isolation/stable-snapshot.yaml:22	tl	UPDATE alice = 999 (committed)	P28	Retained; current scenarios/postgres/02-isolation/stable-snapshot.yaml:23
C1418	base	scenarios/postgres/02-isolation/stable-snapshot.yaml:23	B	INSERT INTO accounts VALUES (3, 'carol', 300)	P28	Retained; current scenarios/postgres/02-isolation/stable-snapshot.yaml:24
C1419	base	scenarios/postgres/02-isolation/stable-snapshot.yaml:24	tl	INSERT carol (committed)	P28	Retained; current scenarios/postgres/02-isolation/stable-snapshot.yaml:25
C1420	base	scenarios/postgres/02-isolation/stable-snapshot.yaml:25	A	SELECT id, balance FROM accounts ORDER BY id	P28	Retained; current scenarios/postgres/02-isolation/stable-snapshot.yaml:17
C1421	base	scenarios/postgres/02-isolation/stable-snapshot.yaml:26	expect	[{ id: 1, balance: 100 }, { id: 2, balance: 50 }]	P28	Replaced or removed; resolved current scenarios/postgres/02-isolation/stable-snapshot.yaml (expect); see corresponding current units and audit decisions
C1422	base	scenarios/postgres/02-isolation/stable-snapshot.yaml:27	comment	not 999 — no non-repeatable read; and no carol — no phantom	P28	Retained; current scenarios/postgres/02-isolation/stable-snapshot.yaml:28
C1423	base	scenarios/postgres/02-isolation/stable-snapshot.yaml:28	tl	SELECT → 100, 50 ← no 999, no carol	P28	Replaced or removed; resolved current scenarios/postgres/02-isolation/stable-snapshot.yaml (tl); see corresponding current units and audit decisions
C1424	base	scenarios/postgres/02-isolation/stable-snapshot.yaml:30	A	COMMIT	P28	Retained; current scenarios/postgres/02-isolation/stable-snapshot.yaml:36
C1425	base	scenarios/postgres/02-isolation/stable-snapshot.yaml:31	tl	COMMIT	P28	Retained; current scenarios/postgres/02-isolation/stable-snapshot.yaml:37
C1426	base	scenarios/postgres/02-isolation/stable-snapshot.yaml:33	note	Only a NEW transaction gets a new snapshot.	P28	Retained; current scenarios/postgres/02-isolation/stable-snapshot.yaml:39
C1427	base	scenarios/postgres/02-isolation/stable-snapshot.yaml:34	A	SELECT id, balance FROM accounts ORDER BY id	P28	Retained; current scenarios/postgres/02-isolation/stable-snapshot.yaml:17
C1428	base	scenarios/postgres/02-isolation/stable-snapshot.yaml:35	expect	[{ balance: 999 }, {}, {}]	P28	Replaced or removed; resolved current scenarios/postgres/02-isolation/stable-snapshot.yaml (expect); see corresponding current units and audit decisions
C1429	base	scenarios/postgres/02-isolation/stable-snapshot.yaml:36	tl	SELECT → 999 and carol ← new txn, new snapshot	P28	Retained; current scenarios/postgres/02-isolation/stable-snapshot.yaml:42
C1430	current	scenarios/postgres/02-isolation/stable-snapshot.yaml:1	title	REPEATABLE READ snapshot timing and visibility	P28	Demonstrated schedule explanation
C1431	current	scenarios/postgres/02-isolation/stable-snapshot.yaml:2	claim	A's first plain SELECT at REPEATABLE READ includes B's change after BEGIN; subsequent SELECTs exclude B's later committed UPDATE and INSERT but include A's own UPDATE. After COMMIT, A's next SELECT sees all committed rows.	P28	Demonstrated schedule explanation
C1432	current	scenarios/postgres/02-isolation/stable-snapshot.yaml:4	anomaly	P2	P28	Executed SQL/assertion
C1433	current	scenarios/postgres/02-isolation/stable-snapshot.yaml:5	isolation	REPEATABLE READ	P28	Executed SQL/assertion
C1434	current	scenarios/postgres/02-isolation/stable-snapshot.yaml:6	setup	CREATE TABLE accounts (id int PRIMARY KEY, owner text NOT NULL, balance int NOT NULL); INSERT INTO accounts VALUES (1, 'alice', 100), (2, 'bob', 50);	P28	Executed SQL/assertion
C1435	current	scenarios/postgres/02-isolation/stable-snapshot.yaml:11	A	BEGIN ISOLATION LEVEL REPEATABLE READ	P28	Executed SQL/assertion
C1436	current	scenarios/postgres/02-isolation/stable-snapshot.yaml:12	B	UPDATE accounts SET balance = 101 WHERE id = 1	P28	Executed SQL/assertion
C1437	current	scenarios/postgres/02-isolation/stable-snapshot.yaml:13	affected	1	P28	Executed SQL/assertion
C1438	current	scenarios/postgres/02-isolation/stable-snapshot.yaml:14	comment	commits after BEGIN but before A's first query	P28	Demonstrated schedule explanation
C1439	current	scenarios/postgres/02-isolation/stable-snapshot.yaml:16	note	The snapshot is taken by the FIRST query, not by BEGIN.	P28	Demonstrated schedule explanation
C1440	current	scenarios/postgres/02-isolation/stable-snapshot.yaml:17	A	SELECT id, balance FROM accounts ORDER BY id	P28	Executed SQL/assertion
C1441	current	scenarios/postgres/02-isolation/stable-snapshot.yaml:18	expect	[{ id: 1, balance: 101 }, { id: 2, balance: 50 }]	P28	Executed SQL/assertion
C1442	current	scenarios/postgres/02-isolation/stable-snapshot.yaml:19	tl	SELECT → alice 101, bob 50 (snapshot frozen here)	P28	Demonstrated schedule explanation
C1443	current	scenarios/postgres/02-isolation/stable-snapshot.yaml:21	note	B changes an existing row AND inserts a new one — both committed instantly.	P28	Demonstrated schedule explanation
C1444	current	scenarios/postgres/02-isolation/stable-snapshot.yaml:22	B	UPDATE accounts SET balance = 999 WHERE id = 1	P28	Executed SQL/assertion
C1445	current	scenarios/postgres/02-isolation/stable-snapshot.yaml:23	tl	UPDATE alice = 999 (committed)	P28	Demonstrated schedule explanation
C1446	current	scenarios/postgres/02-isolation/stable-snapshot.yaml:24	B	INSERT INTO accounts VALUES (3, 'carol', 300)	P28	Executed SQL/assertion
C1447	current	scenarios/postgres/02-isolation/stable-snapshot.yaml:25	tl	INSERT carol (committed)	P28	Demonstrated schedule explanation
C1448	current	scenarios/postgres/02-isolation/stable-snapshot.yaml:26	A	SELECT id, balance FROM accounts ORDER BY id	P28	Executed SQL/assertion
C1449	current	scenarios/postgres/02-isolation/stable-snapshot.yaml:27	expect	[{ id: 1, balance: 101 }, { id: 2, balance: 50 }]	P28	Executed SQL/assertion
C1450	current	scenarios/postgres/02-isolation/stable-snapshot.yaml:28	comment	not 999 — no non-repeatable read; and no carol — no phantom	P28	Demonstrated schedule explanation
C1451	current	scenarios/postgres/02-isolation/stable-snapshot.yaml:29	tl	SELECT → 101, 50 ← no 999, no carol	P28	Demonstrated schedule explanation
C1452	current	scenarios/postgres/02-isolation/stable-snapshot.yaml:31	note	A sees its own UPDATE even though B's later changes remain outside the snapshot.	P28	Demonstrated schedule explanation
C1453	current	scenarios/postgres/02-isolation/stable-snapshot.yaml:32	A	UPDATE accounts SET balance = 60 WHERE id = 2	P28	Executed SQL/assertion
C1454	current	scenarios/postgres/02-isolation/stable-snapshot.yaml:33	affected	1	P28	Executed SQL/assertion
C1455	current	scenarios/postgres/02-isolation/stable-snapshot.yaml:34	A	SELECT id, balance FROM accounts ORDER BY id	P28	Executed SQL/assertion
C1456	current	scenarios/postgres/02-isolation/stable-snapshot.yaml:35	expect	[{ id: 1, balance: 101 }, { id: 2, balance: 60 }]	P28	Executed SQL/assertion
C1457	current	scenarios/postgres/02-isolation/stable-snapshot.yaml:36	A	COMMIT	P28	Executed SQL/assertion
C1458	current	scenarios/postgres/02-isolation/stable-snapshot.yaml:37	tl	COMMIT	P28	Demonstrated schedule explanation
C1459	current	scenarios/postgres/02-isolation/stable-snapshot.yaml:39	note	Only a NEW transaction gets a new snapshot.	P28	Demonstrated schedule explanation
C1460	current	scenarios/postgres/02-isolation/stable-snapshot.yaml:40	A	SELECT id, balance FROM accounts ORDER BY id	P28	Executed SQL/assertion
C1461	current	scenarios/postgres/02-isolation/stable-snapshot.yaml:41	expect	[{ id: 1, balance: 999 }, { id: 2, balance: 60 }, { id: 3, balance: 300 }]	P28	Executed SQL/assertion
C1462	current	scenarios/postgres/02-isolation/stable-snapshot.yaml:42	tl	SELECT → 999 and carol ← new txn, new snapshot	P28	Demonstrated schedule explanation
C1463	base	scenarios/postgres/02-isolation/update-recheck.yaml:1	title	READ COMMITTED re-checks WHERE after waiting	P29	Replaced or removed; resolved current scenarios/postgres/02-isolation/update-recheck.yaml (title); see corresponding current units and audit decisions
C1464	base	scenarios/postgres/02-isolation/update-recheck.yaml:2	claim	An UPDATE at READ COMMITTED that waited for a lock re-evaluates its WHERE clause against the new row version — rows that no longer match are silently skipped.	P29	Replaced or removed; resolved current scenarios/postgres/02-isolation/update-recheck.yaml (claim); see corresponding current units and audit decisions
C1465	base	scenarios/postgres/02-isolation/update-recheck.yaml:6	setup	CREATE TABLE items (id int PRIMARY KEY, value int NOT NULL); INSERT INTO items VALUES (1, 10), (2, 30);	P29	Retained; current scenarios/postgres/02-isolation/update-recheck.yaml:4
C1466	base	scenarios/postgres/02-isolation/update-recheck.yaml:11	A	BEGIN	P29	Replaced or removed; resolved current scenarios/postgres/02-isolation/update-recheck.yaml (A); see corresponding current units and audit decisions
C1467	base	scenarios/postgres/02-isolation/update-recheck.yaml:12	A	UPDATE items SET value = value * 2 WHERE id = 1	P29	Retained; current scenarios/postgres/02-isolation/update-recheck.yaml:10
C1468	base	scenarios/postgres/02-isolation/update-recheck.yaml:13	comment	"""row 1: 10 → 20, uncommitted"""	P29	Retained; current scenarios/postgres/02-isolation/update-recheck.yaml:11
C1469	base	scenarios/postgres/02-isolation/update-recheck.yaml:14	tl	UPDATE id=1 value 10→20 (uncommitted)	P29	Retained; current scenarios/postgres/02-isolation/update-recheck.yaml:12
C1470	base	scenarios/postgres/02-isolation/update-recheck.yaml:16	note	B targets WHERE value = 10. In B's snapshot row 1 still qualifies — but it's locked by A, so B waits.	P29	Retained; current scenarios/postgres/02-isolation/update-recheck.yaml:14
C1471	base	scenarios/postgres/02-isolation/update-recheck.yaml:19	B	UPDATE items SET value = 99 WHERE value = 10	P29	Retained; current scenarios/postgres/02-isolation/update-recheck.yaml:17
C1472	base	scenarios/postgres/02-isolation/update-recheck.yaml:20	blocks	p1	P29	Retained; current scenarios/postgres/02-isolation/update-recheck.yaml:18
C1473	base	scenarios/postgres/02-isolation/update-recheck.yaml:21	tl	UPDATE WHERE value=10	P29	Retained; current scenarios/postgres/02-isolation/update-recheck.yaml:19
C1474	base	scenarios/postgres/02-isolation/update-recheck.yaml:23	note	A commits. B wakes up and re-checks the row it waited for — against the NEW version, where value is 20.	P29	Retained; current scenarios/postgres/02-isolation/update-recheck.yaml:21
C1475	base	scenarios/postgres/02-isolation/update-recheck.yaml:26	A	COMMIT	P29	Retained; current scenarios/postgres/02-isolation/update-recheck.yaml:24
C1476	base	scenarios/postgres/02-isolation/update-recheck.yaml:27	tl	COMMIT ← row 1 is now 20	P29	Retained; current scenarios/postgres/02-isolation/update-recheck.yaml:25
C1477	base	scenarios/postgres/02-isolation/update-recheck.yaml:28	success	p1	P29	Retained; current scenarios/postgres/02-isolation/update-recheck.yaml:26
C1478	base	scenarios/postgres/02-isolation/update-recheck.yaml:29	affected	0	P29	Retained; current scenarios/postgres/02-isolation/update-recheck.yaml:27
C1479	base	scenarios/postgres/02-isolation/update-recheck.yaml:30	note	UPDATE 0 — the row slipped away.	P29	Retained; current scenarios/postgres/02-isolation/update-recheck.yaml:28
C1480	base	scenarios/postgres/02-isolation/update-recheck.yaml:32	B	SELECT id, value FROM items ORDER BY id	P29	Retained; current scenarios/postgres/02-isolation/update-recheck.yaml:30
C1481	base	scenarios/postgres/02-isolation/update-recheck.yaml:33	expect	[{ id: 1, value: 20 }, { id: 2, value: 30 }]	P29	Retained; current scenarios/postgres/02-isolation/update-recheck.yaml:31
C1482	base	scenarios/postgres/02-isolation/update-recheck.yaml:34	tl	SELECT → 20, 30 ← B re-checked WHERE, matched 0 rows	P29	Retained; current scenarios/postgres/02-isolation/update-recheck.yaml:32
C1483	current	scenarios/postgres/02-isolation/update-recheck.yaml:1	title	READ COMMITTED re-checks this predicate after waiting	P29	Demonstrated schedule explanation
C1484	current	scenarios/postgres/02-isolation/update-recheck.yaml:2	claim	B's UPDATE at READ COMMITTED waits for A to commit, re-checks value = 10 against the changed row, and affects zero rows; the final values remain 20 and 30.	P29	Demonstrated schedule explanation
C1485	current	scenarios/postgres/02-isolation/update-recheck.yaml:4	setup	CREATE TABLE items (id int PRIMARY KEY, value int NOT NULL); INSERT INTO items VALUES (1, 10), (2, 30);	P29	Executed SQL/assertion
C1486	current	scenarios/postgres/02-isolation/update-recheck.yaml:9	A	BEGIN ISOLATION LEVEL READ COMMITTED	P29	Executed SQL/assertion
C1487	current	scenarios/postgres/02-isolation/update-recheck.yaml:10	A	UPDATE items SET value = value * 2 WHERE id = 1	P29	Executed SQL/assertion
C1488	current	scenarios/postgres/02-isolation/update-recheck.yaml:11	comment	"""row 1: 10 → 20, uncommitted"""	P29	Demonstrated schedule explanation
C1489	current	scenarios/postgres/02-isolation/update-recheck.yaml:12	tl	UPDATE id=1 value 10→20 (uncommitted)	P29	Demonstrated schedule explanation
C1490	current	scenarios/postgres/02-isolation/update-recheck.yaml:14	note	B targets WHERE value = 10. In B's snapshot row 1 still qualifies — but it's locked by A, so B waits.	P29	Demonstrated schedule explanation
C1491	current	scenarios/postgres/02-isolation/update-recheck.yaml:17	B	UPDATE items SET value = 99 WHERE value = 10	P29	Executed SQL/assertion
C1492	current	scenarios/postgres/02-isolation/update-recheck.yaml:18	blocks	p1	P29	Executed SQL/assertion
C1493	current	scenarios/postgres/02-isolation/update-recheck.yaml:19	tl	UPDATE WHERE value=10	P29	Demonstrated schedule explanation
C1494	current	scenarios/postgres/02-isolation/update-recheck.yaml:21	note	A commits. B wakes up and re-checks the row it waited for — against the NEW version, where value is 20.	P29	Demonstrated schedule explanation
C1495	current	scenarios/postgres/02-isolation/update-recheck.yaml:24	A	COMMIT	P29	Executed SQL/assertion
C1496	current	scenarios/postgres/02-isolation/update-recheck.yaml:25	tl	COMMIT ← row 1 is now 20	P29	Demonstrated schedule explanation
C1497	current	scenarios/postgres/02-isolation/update-recheck.yaml:26	success	p1	P29	Executed SQL/assertion
C1498	current	scenarios/postgres/02-isolation/update-recheck.yaml:27	affected	0	P29	Executed SQL/assertion
C1499	current	scenarios/postgres/02-isolation/update-recheck.yaml:28	note	UPDATE 0 — the row slipped away.	P29	Demonstrated schedule explanation
C1500	current	scenarios/postgres/02-isolation/update-recheck.yaml:30	B	SELECT id, value FROM items ORDER BY id	P29	Executed SQL/assertion
C1501	current	scenarios/postgres/02-isolation/update-recheck.yaml:31	expect	[{ id: 1, value: 20 }, { id: 2, value: 30 }]	P29	Executed SQL/assertion
C1502	current	scenarios/postgres/02-isolation/update-recheck.yaml:32	tl	SELECT → 20, 30 ← B re-checked WHERE, matched 0 rows	P29	Demonstrated schedule explanation
C1503	base	scenarios/postgres/02-isolation/write-skew-rr.yaml:1	title	"""Write skew: REPEATABLE READ is not enough"""	P30	Replaced or removed; resolved current scenarios/postgres/02-isolation/write-skew-rr.yaml (title); see corresponding current units and audit decisions
C1504	base	scenarios/postgres/02-isolation/write-skew-rr.yaml:2	claim	Two REPEATABLE READ transactions can each validate an invariant against their snapshots, write to different rows, and both commit — leaving the invariant broken. This is write skew.	P30	Replaced or removed; resolved current scenarios/postgres/02-isolation/write-skew-rr.yaml (claim); see corresponding current units and audit decisions
C1505	base	scenarios/postgres/02-isolation/write-skew-rr.yaml:6	anomaly	G2-item	P30	Retained; current scenarios/postgres/02-isolation/write-skew-rr.yaml:4
C1506	base	scenarios/postgres/02-isolation/write-skew-rr.yaml:7	isolation	REPEATABLE READ	P30	Retained; current scenarios/postgres/02-isolation/write-skew-rr.yaml:5
C1507	base	scenarios/postgres/02-isolation/write-skew-rr.yaml:8	setup	CREATE TABLE doctors (name text PRIMARY KEY, on_call boolean NOT NULL); INSERT INTO doctors VALUES ('alice', true), ('bob', true);	P30	Retained; current scenarios/postgres/02-isolation/write-skew-rr.yaml:6
C1508	base	scenarios/postgres/02-isolation/write-skew-rr.yaml:13	note	Hospital rule: at least one doctor must stay on call. Alice and Bob both want the night off.	P30	Retained; current scenarios/postgres/02-isolation/write-skew-rr.yaml:11
C1509	base	scenarios/postgres/02-isolation/write-skew-rr.yaml:16	A	BEGIN ISOLATION LEVEL REPEATABLE READ	P30	Retained; current scenarios/postgres/02-isolation/write-skew-rr.yaml:14
C1510	base	scenarios/postgres/02-isolation/write-skew-rr.yaml:17	B	BEGIN ISOLATION LEVEL REPEATABLE READ	P30	Retained; current scenarios/postgres/02-isolation/write-skew-rr.yaml:15
C1511	base	scenarios/postgres/02-isolation/write-skew-rr.yaml:19	A	SELECT count(*)::int AS on_call FROM doctors WHERE on_call	P30	Retained; current scenarios/postgres/02-isolation/write-skew-rr.yaml:17
C1512	base	scenarios/postgres/02-isolation/write-skew-rr.yaml:20	expect	[{ on_call: 2 }]	P30	Retained; current scenarios/postgres/02-isolation/write-skew-rr.yaml:18
C1513	base	scenarios/postgres/02-isolation/write-skew-rr.yaml:21	comment	"'""two of us — safe for me to leave""'"	P30	Retained; current scenarios/postgres/02-isolation/write-skew-rr.yaml:19
C1514	base	scenarios/postgres/02-isolation/write-skew-rr.yaml:22	tl	"SELECT on_call → 2 ← ""safe for me to leave"""	P30	Retained; current scenarios/postgres/02-isolation/write-skew-rr.yaml:20
C1515	base	scenarios/postgres/02-isolation/write-skew-rr.yaml:23	B	SELECT count(*)::int AS on_call FROM doctors WHERE on_call	P30	Retained; current scenarios/postgres/02-isolation/write-skew-rr.yaml:21
C1516	base	scenarios/postgres/02-isolation/write-skew-rr.yaml:24	expect	[{ on_call: 2 }]	P30	Retained; current scenarios/postgres/02-isolation/write-skew-rr.yaml:18
C1517	base	scenarios/postgres/02-isolation/write-skew-rr.yaml:25	comment	"'""two of us — safe for me to leave""'"	P30	Retained; current scenarios/postgres/02-isolation/write-skew-rr.yaml:19
C1518	base	scenarios/postgres/02-isolation/write-skew-rr.yaml:26	tl	"SELECT on_call → 2 ← ""safe for me to leave"""	P30	Retained; current scenarios/postgres/02-isolation/write-skew-rr.yaml:20
C1519	base	scenarios/postgres/02-isolation/write-skew-rr.yaml:28	note	Each updates a DIFFERENT row, so there is no write-write conflict to detect.	P30	Retained; current scenarios/postgres/02-isolation/write-skew-rr.yaml:26
C1520	base	scenarios/postgres/02-isolation/write-skew-rr.yaml:29	A	UPDATE doctors SET on_call = false WHERE name = 'alice'	P30	Retained; current scenarios/postgres/02-isolation/write-skew-rr.yaml:27
C1521	base	scenarios/postgres/02-isolation/write-skew-rr.yaml:30	tl	UPDATE alice off-call	P30	Retained; current scenarios/postgres/02-isolation/write-skew-rr.yaml:28
C1522	base	scenarios/postgres/02-isolation/write-skew-rr.yaml:31	B	UPDATE doctors SET on_call = false WHERE name = 'bob'	P30	Retained; current scenarios/postgres/02-isolation/write-skew-rr.yaml:29
C1523	base	scenarios/postgres/02-isolation/write-skew-rr.yaml:32	tl	UPDATE bob off-call (a different row)	P30	Retained; current scenarios/postgres/02-isolation/write-skew-rr.yaml:30
C1524	base	scenarios/postgres/02-isolation/write-skew-rr.yaml:34	A	COMMIT	P30	Retained; current scenarios/postgres/02-isolation/write-skew-rr.yaml:32
C1525	base	scenarios/postgres/02-isolation/write-skew-rr.yaml:35	tl	COMMIT	P30	Retained; current scenarios/postgres/02-isolation/write-skew-rr.yaml:33
C1526	base	scenarios/postgres/02-isolation/write-skew-rr.yaml:36	B	COMMIT	P30	Retained; current scenarios/postgres/02-isolation/write-skew-rr.yaml:34
C1527	base	scenarios/postgres/02-isolation/write-skew-rr.yaml:37	comment	both succeed!	P30	Retained; current scenarios/postgres/02-isolation/write-skew-rr.yaml:35
C1528	base	scenarios/postgres/02-isolation/write-skew-rr.yaml:38	tl	COMMIT ← both succeed, no conflict to detect	P30	Retained; current scenarios/postgres/02-isolation/write-skew-rr.yaml:36
C1529	base	scenarios/postgres/02-isolation/write-skew-rr.yaml:40	A	SELECT count(*)::int AS on_call FROM doctors WHERE on_call	P30	Retained; current scenarios/postgres/02-isolation/write-skew-rr.yaml:17
C1530	base	scenarios/postgres/02-isolation/write-skew-rr.yaml:41	expect	[{ on_call: 0 }]	P30	Retained; current scenarios/postgres/02-isolation/write-skew-rr.yaml:39
C1531	base	scenarios/postgres/02-isolation/write-skew-rr.yaml:42	comment	nobody is on call — the invariant is broken	P30	Retained; current scenarios/postgres/02-isolation/write-skew-rr.yaml:40
C1532	base	scenarios/postgres/02-isolation/write-skew-rr.yaml:43	tl	SELECT on_call → 0 ← invariant broken	P30	Retained; current scenarios/postgres/02-isolation/write-skew-rr.yaml:41
C1533	base	scenarios/postgres/02-isolation/write-skew-rr.yaml:45	note	Each transaction was internally consistent; together they broke the rule. Only SERIALIZABLE catches this.	P30	Replaced or removed; resolved current scenarios/postgres/02-isolation/write-skew-rr.yaml (note); see corresponding current units and audit decisions
C1534	current	scenarios/postgres/02-isolation/write-skew-rr.yaml:1	title	Write skew with REPEATABLE READ and separate-row updates	P30	Demonstrated schedule explanation
C1535	current	scenarios/postgres/02-isolation/write-skew-rr.yaml:2	claim	Both REPEATABLE READ transactions read two on-call doctors, update different rows, and commit in this schedule; the final asserted on-call count is zero.	P30	Demonstrated schedule explanation
C1536	current	scenarios/postgres/02-isolation/write-skew-rr.yaml:4	anomaly	G2-item	P30	Executed SQL/assertion
C1537	current	scenarios/postgres/02-isolation/write-skew-rr.yaml:5	isolation	REPEATABLE READ	P30	Executed SQL/assertion
C1538	current	scenarios/postgres/02-isolation/write-skew-rr.yaml:6	setup	CREATE TABLE doctors (name text PRIMARY KEY, on_call boolean NOT NULL); INSERT INTO doctors VALUES ('alice', true), ('bob', true);	P30	Executed SQL/assertion
C1539	current	scenarios/postgres/02-isolation/write-skew-rr.yaml:11	note	Hospital rule: at least one doctor must stay on call. Alice and Bob both want the night off.	P30	Demonstrated schedule explanation
C1540	current	scenarios/postgres/02-isolation/write-skew-rr.yaml:14	A	BEGIN ISOLATION LEVEL REPEATABLE READ	P30	Executed SQL/assertion
C1541	current	scenarios/postgres/02-isolation/write-skew-rr.yaml:15	B	BEGIN ISOLATION LEVEL REPEATABLE READ	P30	Executed SQL/assertion
C1542	current	scenarios/postgres/02-isolation/write-skew-rr.yaml:17	A	SELECT count(*)::int AS on_call FROM doctors WHERE on_call	P30	Executed SQL/assertion
C1543	current	scenarios/postgres/02-isolation/write-skew-rr.yaml:18	expect	[{ on_call: 2 }]	P30	Executed SQL/assertion
C1544	current	scenarios/postgres/02-isolation/write-skew-rr.yaml:19	comment	"'""two of us — safe for me to leave""'"	P30	Demonstrated schedule explanation
C1545	current	scenarios/postgres/02-isolation/write-skew-rr.yaml:20	tl	"SELECT on_call → 2 ← ""safe for me to leave"""	P30	Demonstrated schedule explanation
C1546	current	scenarios/postgres/02-isolation/write-skew-rr.yaml:21	B	SELECT count(*)::int AS on_call FROM doctors WHERE on_call	P30	Executed SQL/assertion
C1547	current	scenarios/postgres/02-isolation/write-skew-rr.yaml:22	expect	[{ on_call: 2 }]	P30	Executed SQL/assertion
C1548	current	scenarios/postgres/02-isolation/write-skew-rr.yaml:23	comment	"'""two of us — safe for me to leave""'"	P30	Demonstrated schedule explanation
C1549	current	scenarios/postgres/02-isolation/write-skew-rr.yaml:24	tl	"SELECT on_call → 2 ← ""safe for me to leave"""	P30	Demonstrated schedule explanation
C1550	current	scenarios/postgres/02-isolation/write-skew-rr.yaml:26	note	Each updates a DIFFERENT row, so there is no write-write conflict to detect.	P30	Demonstrated schedule explanation
C1551	current	scenarios/postgres/02-isolation/write-skew-rr.yaml:27	A	UPDATE doctors SET on_call = false WHERE name = 'alice'	P30	Executed SQL/assertion
C1552	current	scenarios/postgres/02-isolation/write-skew-rr.yaml:28	tl	UPDATE alice off-call	P30	Demonstrated schedule explanation
C1553	current	scenarios/postgres/02-isolation/write-skew-rr.yaml:29	B	UPDATE doctors SET on_call = false WHERE name = 'bob'	P30	Executed SQL/assertion
C1554	current	scenarios/postgres/02-isolation/write-skew-rr.yaml:30	tl	UPDATE bob off-call (a different row)	P30	Demonstrated schedule explanation
C1555	current	scenarios/postgres/02-isolation/write-skew-rr.yaml:32	A	COMMIT	P30	Executed SQL/assertion
C1556	current	scenarios/postgres/02-isolation/write-skew-rr.yaml:33	tl	COMMIT	P30	Demonstrated schedule explanation
C1557	current	scenarios/postgres/02-isolation/write-skew-rr.yaml:34	B	COMMIT	P30	Executed SQL/assertion
C1558	current	scenarios/postgres/02-isolation/write-skew-rr.yaml:35	comment	both succeed!	P30	Demonstrated schedule explanation
C1559	current	scenarios/postgres/02-isolation/write-skew-rr.yaml:36	tl	COMMIT ← both succeed, no conflict to detect	P30	Demonstrated schedule explanation
C1560	current	scenarios/postgres/02-isolation/write-skew-rr.yaml:38	A	SELECT count(*)::int AS on_call FROM doctors WHERE on_call	P30	Executed SQL/assertion
C1561	current	scenarios/postgres/02-isolation/write-skew-rr.yaml:39	expect	[{ on_call: 0 }]	P30	Executed SQL/assertion
C1562	current	scenarios/postgres/02-isolation/write-skew-rr.yaml:40	comment	nobody is on call — the invariant is broken	P30	Demonstrated schedule explanation
C1563	current	scenarios/postgres/02-isolation/write-skew-rr.yaml:41	tl	SELECT on_call → 0 ← invariant broken	P30	Demonstrated schedule explanation
C1564	current	scenarios/postgres/02-isolation/write-skew-rr.yaml:43	note	Both transactions checked their own snapshots, but the final count is zero. SERIALIZABLE rejects this schedule; coordinating all writers with suitable explicit locks is another approach.	P30	Demonstrated schedule explanation
C1565	base	scenarios/postgres/02-isolation/write-skew-serializable.yaml:1	title	SERIALIZABLE catches write skew	P31	Replaced or removed; resolved current scenarios/postgres/02-isolation/write-skew-serializable.yaml (title); see corresponding current units and audit decisions
C1566	base	scenarios/postgres/02-isolation/write-skew-serializable.yaml:2	claim	The exact interleaving that breaks the invariant under REPEATABLE READ fails with SQLSTATE 40001 under SERIALIZABLE — one transaction commits, the other must retry.	P31	Replaced or removed; resolved current scenarios/postgres/02-isolation/write-skew-serializable.yaml (claim); see corresponding current units and audit decisions
C1567	base	scenarios/postgres/02-isolation/write-skew-serializable.yaml:6	anomaly	G2	P31	Replaced or removed; resolved current scenarios/postgres/02-isolation/write-skew-serializable.yaml (anomaly); see corresponding current units and audit decisions
C1568	base	scenarios/postgres/02-isolation/write-skew-serializable.yaml:7	isolation	SERIALIZABLE	P31	Retained; current scenarios/postgres/02-isolation/write-skew-serializable.yaml:5
C1569	base	scenarios/postgres/02-isolation/write-skew-serializable.yaml:8	setup	CREATE TABLE doctors (name text PRIMARY KEY, on_call boolean NOT NULL); INSERT INTO doctors VALUES ('alice', true), ('bob', true);	P31	Retained; current scenarios/postgres/02-isolation/write-skew-serializable.yaml:6
C1570	base	scenarios/postgres/02-isolation/write-skew-serializable.yaml:13	note	Same story, same statements, same order — only the isolation level differs.	P31	Retained; current scenarios/postgres/02-isolation/write-skew-serializable.yaml:11
C1571	base	scenarios/postgres/02-isolation/write-skew-serializable.yaml:14	A	BEGIN ISOLATION LEVEL SERIALIZABLE	P31	Retained; current scenarios/postgres/02-isolation/write-skew-serializable.yaml:12
C1572	base	scenarios/postgres/02-isolation/write-skew-serializable.yaml:15	B	BEGIN ISOLATION LEVEL SERIALIZABLE	P31	Retained; current scenarios/postgres/02-isolation/write-skew-serializable.yaml:13
C1573	base	scenarios/postgres/02-isolation/write-skew-serializable.yaml:17	A	SELECT count(*)::int AS on_call FROM doctors WHERE on_call	P31	Retained; current scenarios/postgres/02-isolation/write-skew-serializable.yaml:15
C1574	base	scenarios/postgres/02-isolation/write-skew-serializable.yaml:18	expect	[{ on_call: 2 }]	P31	Retained; current scenarios/postgres/02-isolation/write-skew-serializable.yaml:16
C1575	base	scenarios/postgres/02-isolation/write-skew-serializable.yaml:19	tl	on-call count → 2	P31	Retained; current scenarios/postgres/02-isolation/write-skew-serializable.yaml:17
C1576	base	scenarios/postgres/02-isolation/write-skew-serializable.yaml:20	B	SELECT count(*)::int AS on_call FROM doctors WHERE on_call	P31	Retained; current scenarios/postgres/02-isolation/write-skew-serializable.yaml:18
C1577	base	scenarios/postgres/02-isolation/write-skew-serializable.yaml:21	expect	[{ on_call: 2 }]	P31	Retained; current scenarios/postgres/02-isolation/write-skew-serializable.yaml:16
C1578	base	scenarios/postgres/02-isolation/write-skew-serializable.yaml:22	tl	on-call count → 2	P31	Retained; current scenarios/postgres/02-isolation/write-skew-serializable.yaml:17
C1579	base	scenarios/postgres/02-isolation/write-skew-serializable.yaml:23	A	UPDATE doctors SET on_call = false WHERE name = 'alice'	P31	Retained; current scenarios/postgres/02-isolation/write-skew-serializable.yaml:21
C1580	base	scenarios/postgres/02-isolation/write-skew-serializable.yaml:24	tl	alice off call	P31	Retained; current scenarios/postgres/02-isolation/write-skew-serializable.yaml:22
C1581	base	scenarios/postgres/02-isolation/write-skew-serializable.yaml:25	B	UPDATE doctors SET on_call = false WHERE name = 'bob'	P31	Retained; current scenarios/postgres/02-isolation/write-skew-serializable.yaml:23
C1582	base	scenarios/postgres/02-isolation/write-skew-serializable.yaml:26	tl	bob off call	P31	Retained; current scenarios/postgres/02-isolation/write-skew-serializable.yaml:24
C1583	base	scenarios/postgres/02-isolation/write-skew-serializable.yaml:28	note	The first committer wins. The second cannot be serialized against it and is aborted.	P31	Replaced or removed; resolved current scenarios/postgres/02-isolation/write-skew-serializable.yaml (note); see corresponding current units and audit decisions
C1584	base	scenarios/postgres/02-isolation/write-skew-serializable.yaml:29	A	COMMIT	P31	Retained; current scenarios/postgres/02-isolation/write-skew-serializable.yaml:27
C1585	base	scenarios/postgres/02-isolation/write-skew-serializable.yaml:30	tl	COMMIT — first committer wins	P31	Replaced or removed; resolved current scenarios/postgres/02-isolation/write-skew-serializable.yaml (tl); see corresponding current units and audit decisions
C1586	base	scenarios/postgres/02-isolation/write-skew-serializable.yaml:31	B.fails	COMMIT	P31	Retained; current scenarios/postgres/02-isolation/write-skew-serializable.yaml:29
C1587	base	scenarios/postgres/02-isolation/write-skew-serializable.yaml:32	error	"""40001"""	P31	Retained; current scenarios/postgres/02-isolation/write-skew-serializable.yaml:30
C1588	base	scenarios/postgres/02-isolation/write-skew-serializable.yaml:33	comment	serialization_failure	P31	Retained; current scenarios/postgres/02-isolation/write-skew-serializable.yaml:31
C1589	base	scenarios/postgres/02-isolation/write-skew-serializable.yaml:34	tl	COMMIT	P31	Retained; current scenarios/postgres/02-isolation/write-skew-serializable.yaml:32
C1590	base	scenarios/postgres/02-isolation/write-skew-serializable.yaml:36	A	SELECT count(*)::int AS on_call FROM doctors WHERE on_call	P31	Retained; current scenarios/postgres/02-isolation/write-skew-serializable.yaml:15
C1591	base	scenarios/postgres/02-isolation/write-skew-serializable.yaml:37	expect	[{ on_call: 1 }]	P31	Retained; current scenarios/postgres/02-isolation/write-skew-serializable.yaml:35
C1592	base	scenarios/postgres/02-isolation/write-skew-serializable.yaml:38	comment	the invariant survived	P31	Retained; current scenarios/postgres/02-isolation/write-skew-serializable.yaml:36
C1593	base	scenarios/postgres/02-isolation/write-skew-serializable.yaml:40	note	B's job is to retry. On retry it would see only one doctor on call — and refuse the night off.	P31	Replaced or removed; resolved current scenarios/postgres/02-isolation/write-skew-serializable.yaml (note); see corresponding current units and audit decisions
C1594	current	scenarios/postgres/02-isolation/write-skew-serializable.yaml:1	title	SERIALIZABLE rejects this write-skew schedule	P31	Demonstrated schedule explanation
C1595	current	scenarios/postgres/02-isolation/write-skew-serializable.yaml:2	claim	With both transactions SERIALIZABLE, A commits and B's COMMIT fails with 40001 in this schedule; one doctor remains on call. B's fresh transaction observes one and leaves that doctor on call.	P31	Demonstrated schedule explanation
C1596	current	scenarios/postgres/02-isolation/write-skew-serializable.yaml:4	anomaly	G2-item	P31	Executed SQL/assertion
C1597	current	scenarios/postgres/02-isolation/write-skew-serializable.yaml:5	isolation	SERIALIZABLE	P31	Executed SQL/assertion
C1598	current	scenarios/postgres/02-isolation/write-skew-serializable.yaml:6	setup	CREATE TABLE doctors (name text PRIMARY KEY, on_call boolean NOT NULL); INSERT INTO doctors VALUES ('alice', true), ('bob', true);	P31	Executed SQL/assertion
C1599	current	scenarios/postgres/02-isolation/write-skew-serializable.yaml:11	note	Same story, same statements, same order — only the isolation level differs.	P31	Demonstrated schedule explanation
C1600	current	scenarios/postgres/02-isolation/write-skew-serializable.yaml:12	A	BEGIN ISOLATION LEVEL SERIALIZABLE	P31	Executed SQL/assertion
C1601	current	scenarios/postgres/02-isolation/write-skew-serializable.yaml:13	B	BEGIN ISOLATION LEVEL SERIALIZABLE	P31	Executed SQL/assertion
C1602	current	scenarios/postgres/02-isolation/write-skew-serializable.yaml:15	A	SELECT count(*)::int AS on_call FROM doctors WHERE on_call	P31	Executed SQL/assertion
C1603	current	scenarios/postgres/02-isolation/write-skew-serializable.yaml:16	expect	[{ on_call: 2 }]	P31	Executed SQL/assertion
C1604	current	scenarios/postgres/02-isolation/write-skew-serializable.yaml:17	tl	on-call count → 2	P31	Demonstrated schedule explanation
C1605	current	scenarios/postgres/02-isolation/write-skew-serializable.yaml:18	B	SELECT count(*)::int AS on_call FROM doctors WHERE on_call	P31	Executed SQL/assertion
C1606	current	scenarios/postgres/02-isolation/write-skew-serializable.yaml:19	expect	[{ on_call: 2 }]	P31	Executed SQL/assertion
C1607	current	scenarios/postgres/02-isolation/write-skew-serializable.yaml:20	tl	on-call count → 2	P31	Demonstrated schedule explanation
C1608	current	scenarios/postgres/02-isolation/write-skew-serializable.yaml:21	A	UPDATE doctors SET on_call = false WHERE name = 'alice'	P31	Executed SQL/assertion
C1609	current	scenarios/postgres/02-isolation/write-skew-serializable.yaml:22	tl	alice off call	P31	Demonstrated schedule explanation
C1610	current	scenarios/postgres/02-isolation/write-skew-serializable.yaml:23	B	UPDATE doctors SET on_call = false WHERE name = 'bob'	P31	Executed SQL/assertion
C1611	current	scenarios/postgres/02-isolation/write-skew-serializable.yaml:24	tl	bob off call	P31	Demonstrated schedule explanation
C1612	current	scenarios/postgres/02-isolation/write-skew-serializable.yaml:26	note	In this schedule A commits and B is rejected. Other schedules can fail at a statement or select a different victim.	P31	Demonstrated schedule explanation
C1613	current	scenarios/postgres/02-isolation/write-skew-serializable.yaml:27	A	COMMIT	P31	Executed SQL/assertion
C1614	current	scenarios/postgres/02-isolation/write-skew-serializable.yaml:28	tl	COMMIT succeeds in this schedule	P31	Demonstrated schedule explanation
C1615	current	scenarios/postgres/02-isolation/write-skew-serializable.yaml:29	B.fails	COMMIT	P31	Executed SQL/assertion
C1616	current	scenarios/postgres/02-isolation/write-skew-serializable.yaml:30	error	"""40001"""	P31	Executed SQL/assertion
C1617	current	scenarios/postgres/02-isolation/write-skew-serializable.yaml:31	comment	serialization_failure	P31	Demonstrated schedule explanation
C1618	current	scenarios/postgres/02-isolation/write-skew-serializable.yaml:32	tl	COMMIT	P31	Demonstrated schedule explanation
C1619	current	scenarios/postgres/02-isolation/write-skew-serializable.yaml:34	A	SELECT count(*)::int AS on_call FROM doctors WHERE on_call	P31	Executed SQL/assertion
C1620	current	scenarios/postgres/02-isolation/write-skew-serializable.yaml:35	expect	[{ on_call: 1 }]	P31	Executed SQL/assertion
C1621	current	scenarios/postgres/02-isolation/write-skew-serializable.yaml:36	comment	the invariant survived	P31	Demonstrated schedule explanation
C1622	current	scenarios/postgres/02-isolation/write-skew-serializable.yaml:38	note	B now starts a fresh transaction, checks the count again, and keeps the remaining doctor on call.	P31	Demonstrated schedule explanation
C1623	current	scenarios/postgres/02-isolation/write-skew-serializable.yaml:42	B	BEGIN ISOLATION LEVEL SERIALIZABLE	P31	Executed SQL/assertion
C1624	current	scenarios/postgres/02-isolation/write-skew-serializable.yaml:43	B	SELECT count(*)::int AS on_call FROM doctors WHERE on_call	P31	Executed SQL/assertion
C1625	current	scenarios/postgres/02-isolation/write-skew-serializable.yaml:44	expect	[{ on_call: 1 }]	P31	Executed SQL/assertion
C1626	current	scenarios/postgres/02-isolation/write-skew-serializable.yaml:45	B	COMMIT	P31	Executed SQL/assertion
C1627	current	scenarios/postgres/02-isolation/write-skew-serializable.yaml:46	A	SELECT name, on_call FROM doctors ORDER BY name	P31	Executed SQL/assertion
C1628	current	scenarios/postgres/02-isolation/write-skew-serializable.yaml:47	expect	[{ name: alice, on_call: false }, { name: bob, on_call: true }]	P31	Executed SQL/assertion
